Date,Name,Year,Letterboxd URI,Rating,Rewatch,Tags,Watched Date
2022-09-18,D Block,2022,https://boxd.it/3ezRBp,2.5,,,2022-09-18
2022-09-27,Bullet Train,2022,https://boxd.it/3gsAWf,3.5,,,2022-09-27
2022-09-28,Vendhu Thanindhathu Kaadu,2022,https://boxd.it/3gF0Ov,3.5,,,2022-09-28
2022-10-02,Cobra,2022,https://boxd.it/3hgQKJ,2.5,,,2022-10-01
2022-10-02,Malena,2000,https://boxd.it/3hj7gl,3.5,,,2022-10-01
2022-10-02,Naane Varuvean,2022,https://boxd.it/3huRLr,3.5,,,2022-10-02
2022-10-03,The Worst Person in the World,2021,https://boxd.it/3hxRoN,4,,,2022-10-02
2022-10-04,X+Y,2014,https://boxd.it/3hNAyt,3.5,,,2022-10-03
2022-10-05,Ponniyin Selvan: Part I,2022,https://boxd.it/3i857X,3,,,2022-10-05
2022-10-09,One Cut of the Dead,2017,https://boxd.it/3iNXHd,4,,,2022-10-08
2022-10-09,Dogtooth,2009,https://boxd.it/3iPmSn,3.5,,,2022-10-08
2022-10-14,The Bow,2005,https://boxd.it/3jU1nH,3.5,,,2022-10-13
2022-10-14,Speak No Evil,2022,https://boxd.it/3jVf1H,3,,,2022-10-14
2022-10-16,Sita Ramam,2022,https://boxd.it/3kl9EP,3.5,,,2022-10-15
2022-10-19,[REC],2007,https://boxd.it/3l2S4X,3.5,,,2022-10-19
2022-10-30,Babel,2006,https://boxd.it/3nsuih,3.5,,,2022-10-30
2022-11-10,Collateral,2004,https://boxd.it/3pJ3JR,3.5,,,2022-11-09
2022-11-13,Sardar,2022,https://boxd.it/3qtyq9,3,,,2022-11-13
2022-11-18,Prey,2022,https://boxd.it/3rmagf,3.5,Yes,,2022-11-17
2022-11-19,Love Today,2022,https://boxd.it/3ryq1T,2.5,,,2022-11-18
2022-11-20,Good Will Hunting,1997,https://boxd.it/3rKOVZ,3.5,,,2022-11-19
2022-11-22,The Grand Budapest Hotel,2014,https://boxd.it/3sdMT1,4,,,2022-11-21
2022-11-23,Silver Linings Playbook,2012,https://boxd.it/3spSuZ,3.5,,,2022-11-22
2022-11-29,Natchathiram Nagargiradhu,2022,https://boxd.it/3tI8ZJ,3.5,,,2022-11-28
2022-11-30,Titanic,1997,https://boxd.it/3u2JXl,3.5,Yes,,2022-11-30
2022-11-30,Donnie Darko,2001,https://boxd.it/3u3H2T,3.5,,,2022-11-30
2022-12-01,Nope,2022,https://boxd.it/3u50HN,4,,,2022-11-30
2022-12-01,127 Hours,2010,https://boxd.it/3u50Tf,3,,,2022-11-30
2022-12-03,Psycho,1960,https://boxd.it/3uBBen,4,Yes,,2022-12-03
2022-12-04,3-Iron,2004,https://boxd.it/3uRmW7,4,Yes,,2022-12-04
2022-12-09,The Autopsy of Jane Doe,2016,https://boxd.it/3vSFg1,3,,,2022-12-09
2022-12-10,Castaway on the Moon,2009,https://boxd.it/3vT7wr,3.5,,,2022-12-09
2022-12-12,The Secret Life of Walter Mitty,2013,https://boxd.it/3wAhCl,3.5,,,2022-12-12
2022-12-13,Before Sunrise,1995,https://boxd.it/3wDh9z,3.5,,,2022-12-12
2022-12-17,Parched,2015,https://boxd.it/3xsbg7,3.5,,,2022-12-16
2022-12-17,Avatar,2009,https://boxd.it/3xvLnp,3,Yes,,2022-12-17
2022-12-17,Avatar: The Way of Water,2022,https://boxd.it/3xFvCj,3,,,2022-12-17
2022-12-18,The Florida Project,2017,https://boxd.it/3xK0ON,3.5,,,2022-12-17
2022-12-21,11:14,2003,https://boxd.it/3yz3Y9,3.5,,,2022-12-20
2022-12-23,Spider-Man: Into the Spider-Verse,2018,https://boxd.it/3z5PwL,3.5,,,2022-12-22
2022-12-25,Fresh,2022,https://boxd.it/3zXkPP,3.5,,,2022-12-25
2022-12-26,La La Land,2016,https://boxd.it/3zY9Wx,3.5,,,2022-12-25
2022-12-26,In Bruges,2008,https://boxd.it/3A0zjb,4,,,2022-12-25
2022-12-26,"Three Billboards Outside Ebbing, Missouri",2017,https://boxd.it/3A2HYZ,3.5,,,2022-12-25
2022-12-27,The Boy in the Striped Pyjamas,2008,https://boxd.it/3ApQkP,3.5,,,2022-12-26
2022-12-30,The Girl with a Bracelet,2019,https://boxd.it/3ByfOF,3.5,,,2022-12-29
2022-12-30,Predator,1987,https://boxd.it/3BSkRJ,4,,,2022-12-30
2022-12-31,The Royal Tenenbaums,2001,https://boxd.it/3BUIEX,4,,,2022-12-30
2022-12-31,Scott Pilgrim vs. the World,2010,https://boxd.it/3Ch6y9,4,,,2022-12-31
2023-01-01,Begin Again,2013,https://boxd.it/3Cj651,3.5,,,2022-12-31
2023-01-02,A Hero,2021,https://boxd.it/3CHbIP,3.5,,,2023-01-01
2023-01-02,(500) Days of Summer,2009,https://boxd.it/3D4W6z,3.5,,,2023-01-02
2023-01-03,Friends with Benefits,2011,https://boxd.it/3Dp92l,2.5,,,2023-01-03
2023-01-04,The Menu,2022,https://boxd.it/3DU2MN,3.5,,,2023-01-04
2023-01-05,Miracle Mile,1988,https://boxd.it/3DZRlt,3.5,,,2023-01-04
2023-01-05,Chennai 600028,2007,https://boxd.it/3Ek0XL,4,Yes,,2023-01-05
2023-01-08,Triangle of Sadness,2022,https://boxd.it/3F98nN,3.5,,,2023-01-07
2023-01-08,Lady Bird,2017,https://boxd.it/3FahpF,4,,,2023-01-07
2023-01-08,Me and Earl and the Dying Girl,2015,https://boxd.it/3FvYRf,4,,,2023-01-08
2023-01-08,Sound of Metal,2019,https://boxd.it/3FyW2v,4,,,2023-01-08
2023-01-10,Four Lions,2010,https://boxd.it/3GiVuZ,3.5,,,2023-01-10
2023-01-10,Incendies,2010,https://boxd.it/3Gl4bL,4,,,2023-01-10
2023-01-11,Sicario,2015,https://boxd.it/3Go75H,3,,,2023-01-10
2023-01-11,Phantom Thread,2017,https://boxd.it/3GDRmT,4,,,2023-01-11
2023-01-11,Jaws,1975,https://boxd.it/3GFZsp,4.5,,,2023-01-11
2023-01-12,Everything Everywhere All at Once,2022,https://boxd.it/3GZkpf,4,,,2023-01-12
2023-01-13,Searching,2018,https://boxd.it/3H22eT,3.5,,,2023-01-12
2023-01-13,Kiss Kiss Bang Bang,2005,https://boxd.it/3HfShr,4,,,2023-01-13
2023-01-13,Get Out,2017,https://boxd.it/3Hhwax,3.5,,,2023-01-13
2023-01-14,Death at a Funeral,2007,https://boxd.it/3Hi5AF,3.5,,,2023-01-13
2023-01-14,28 Days Later,2002,https://boxd.it/3Hkoal,4,,,2023-01-13
2023-01-14,Nitham Oru Vaanam,2022,https://boxd.it/3HB2vF,3,,,2023-01-14
2023-01-15,Polytechnique,2009,https://boxd.it/3HXshD,3.5,,,2023-01-15
2023-01-15,Seven Psychopaths,2012,https://boxd.it/3HZk7T,4,,,2023-01-15
2023-01-16,RRR,2022,https://boxd.it/3I1Ggd,3,,,2023-01-15
2023-01-18,Vikram,2022,https://boxd.it/3IKL7l,3.5,Yes,,2023-01-17
2023-01-19,A Snake of June,2002,https://boxd.it/3J5SGz,3,,,2023-01-18
2023-01-20,After Hours,1985,https://boxd.it/3JnPhH,4,,,2023-01-19
2023-01-21,The Big Lebowski,1998,https://boxd.it/3JElDH,4,,,2023-01-20
2023-01-21,Scarface,1983,https://boxd.it/3JRTrV,3.5,,,2023-01-21
2023-01-22,Alien,1979,https://boxd.it/3Kc7jV,3.5,,,2023-01-22
2023-01-22,Before Sunset,2004,https://boxd.it/3KdLE7,3,,,2023-01-22
2023-01-23,Lucky Number Slevin,2006,https://boxd.it/3KjVTX,3,,,2023-01-22
2023-01-24,Dead Poets Society,1989,https://boxd.it/3KFHuj,4,,,2023-01-23
2023-01-26,Goodnight Mommy,2014,https://boxd.it/3Lh5dP,2.5,,,2023-01-25
2023-01-26,Lars and the Real Girl,2007,https://boxd.it/3Lt1qJ,3.5,,,2023-01-26
2023-01-26,Aftersun,2022,https://boxd.it/3Lvw2n,3.5,,,2023-01-26
2023-01-27,Blow Out,1981,https://boxd.it/3LA6fb,4,,,2023-01-26
2023-01-28,Moon,2009,https://boxd.it/3LS0xp,3.5,,,2023-01-27
2023-01-28,The Tribe,2014,https://boxd.it/3M6MOB,3.5,,,2023-01-28
2023-01-29,Jaya Jaya Jaya Jaya Hey,2022,https://boxd.it/3M7Sq3,3,,,2023-01-28
2023-01-29,Ex Machina,2015,https://boxd.it/3McxMd,4,,,2023-01-28
2023-01-30,Spencer,2021,https://boxd.it/3Mw9wF,3.5,,,2023-01-29
2023-01-31,Contempt,1963,https://boxd.it/3MUWND,3.5,,,2023-01-30
2023-02-04,Thunivu,2023,https://boxd.it/3O2uPB,3,,,2023-02-04
2023-02-05,Palm Springs,2020,https://boxd.it/3OCnin,3.5,,,2023-02-05
2023-02-06,Submarine,2010,https://boxd.it/3OE9Yt,3.5,,,2023-02-05
2023-02-06,Your Name.,2016,https://boxd.it/3OJuGl,4,,,2023-02-05
2023-02-11,Eraserhead,1977,https://boxd.it/3Q3Tev,4,,,2023-02-10
2023-02-12,The Virgin Suicides,1999,https://boxd.it/3QkGNh,3.5,,,2023-02-11
2023-02-13,The Hand of God,2021,https://boxd.it/3QBWcb,3.5,,,2023-02-12
2023-02-19,Dada,2023,https://boxd.it/3Sdgrt,3,,,2023-02-18
2023-02-20,Dog Day Afternoon,1975,https://boxd.it/3SvTHr,4,,,2023-02-19
2023-02-25,Women Talking,2022,https://boxd.it/3TYmW1,4,,,2023-02-24
2023-02-26,Notting Hill,1999,https://boxd.it/3UuXwt,3.5,,,2023-02-26
2023-02-26,Shaun of the Dead,2004,https://boxd.it/3UuYOD,4,,,2023-02-26
2023-02-27,A History of Violence,2005,https://boxd.it/3UBKy1,3.5,,,2023-02-26
2023-03-04,Cha Cha Real Smooth,2022,https://boxd.it/3W4wXX,3,,,2023-03-04
2023-03-05,Hot Fuzz,2007,https://boxd.it/3W8eXD,4,,,2023-03-04
2023-03-05,Vinnaithaandi Varuvaayaa,2010,https://boxd.it/3WoADR,4,Yes,,2023-03-05
2023-03-16,Five Feet Apart,2019,https://boxd.it/3ZhivN,3,,,2023-03-15
2023-03-18,Signs,2002,https://boxd.it/3ZWBHl,3.5,,,2023-03-18
2023-03-19,21 Grams,2003,https://boxd.it/402Q7p,4,,,2023-03-18
2023-03-19,Blue Jean,2022,https://boxd.it/40fJw9,3.5,,,2023-03-19
2023-03-20,Booksmart,2019,https://boxd.it/40lQTB,3,,,2023-03-19
2023-03-27,John Wick,2014,https://boxd.it/42dFtT,3.5,,,2023-03-26
2023-03-27,Speak,2004,https://boxd.it/42faAj,3.5,,,2023-03-26
2023-03-29,John Wick: Chapter 2,2017,https://boxd.it/42M5vf,3,,,2023-03-28
2023-03-30,John Wick: Chapter 3 – Parabellum,2019,https://boxd.it/4310iv,3,,,2023-03-29
2023-03-31,Contagion,2011,https://boxd.it/43eBdN,3.5,,,2023-03-30
2023-04-02,Pichaikkaran,2016,https://boxd.it/43KWkT,3,,,2023-04-01
2023-04-02,The Reader,2008,https://boxd.it/43MxWR,3.5,,,2023-04-02
2023-04-02,Once,2007,https://boxd.it/43NJIf,3.5,,,2023-04-02
2023-04-02,Wild,2014,https://boxd.it/43Pfg5,3,,,2023-04-02
2023-04-02,Shershaah,2021,https://boxd.it/43ZEI9,3,,,2023-04-02
2023-04-02,When Harry Met Sally...,1989,https://boxd.it/440z3n,3.5,,,2023-04-02
2023-04-05,First Reformed,2017,https://boxd.it/44EbIh,4,,,2023-04-04
2023-04-08,The Road,2009,https://boxd.it/45qasN,3.5,,,2023-04-07
2023-04-08,"Love, Rosie",2014,https://boxd.it/45sT3x,3.5,,,2023-04-07
2023-04-08,Tetris,2023,https://boxd.it/45uEAv,3.5,,,2023-04-08
2023-04-08,Gangubai Kathiawadi,2022,https://boxd.it/45G7kj,3,,,2023-04-08
2023-04-08,Y Tu Mamá También,2001,https://boxd.it/45GQhJ,3.5,,,2023-04-08
2023-04-09,Snowpiercer,2013,https://boxd.it/461jpx,3.5,,,2023-04-09
2023-04-10,Rockstar,2011,https://boxd.it/465uv5,3.5,,,2023-04-09
2023-04-12,John Wick: Chapter 4,2023,https://boxd.it/46LPgp,3.5,,,2023-04-11
2023-04-13,The Nice Guys,2016,https://boxd.it/470hO3,3.5,,,2023-04-12
2023-04-16,Udaan,2010,https://boxd.it/47H2UL,4,,,2023-04-15
2023-04-17,Vada Chennai,2018,https://boxd.it/480TsN,4,Yes,,2023-04-16
2023-04-17,Delhi Belly,2011,https://boxd.it/4852sF,3.5,,,2023-04-16
2023-04-19,Annihilation,2018,https://boxd.it/48AAIz,3.5,,,2023-04-18
2023-04-19,Princess Cyd,2017,https://boxd.it/48BoIJ,3,,,2023-04-18
2023-04-22,Blue Valentine,2010,https://boxd.it/49j0EV,3.5,,,2023-04-22
2023-04-22,Suzume,2022,https://boxd.it/49uuc5,3.5,,,2023-04-22
2023-04-25,Badlands,1973,https://boxd.it/4a9ENH,3.5,,,2023-04-24
2023-04-29,Ponniyin Selvan: Part II,2023,https://boxd.it/4b8851,3,,,2023-04-28
2023-05-06,Wind River,2017,https://boxd.it/4diXsX,3.5,,,2023-05-06
2023-05-06,13 Going on 30,2004,https://boxd.it/4djGXh,3.5,,,2023-05-06
2023-05-13,But I'm a Cheerleader,1999,https://boxd.it/4f1Vvz,3.5,,,2023-05-13
2023-05-14,Charlie,2015,https://boxd.it/4fiC6f,3.5,Yes,,2023-05-14
2023-05-16,The Perks of Being a Wallflower,2012,https://boxd.it/4fCyAb,3.5,,,2023-05-15
2023-05-21,5 Centimeters per Second,2007,https://boxd.it/4gXQC1,3.5,,,2023-05-21
2023-05-23,Modern Love Chennai,2023,https://boxd.it/4hmeb7,4,,,2023-05-22
2023-05-25,Mean Girls,2004,https://boxd.it/4hOcnh,3,,,2023-05-24
2023-05-26,Little Miss Sunshine,2006,https://boxd.it/4i1KLD,3.5,,,2023-05-25
2023-05-28,Melancholia,2011,https://boxd.it/4isS0f,4,,,2023-05-27
2023-05-28,Irreversible,2002,https://boxd.it/4iub5Z,4,,,2023-05-27
2023-05-31,Your Name.,2016,https://boxd.it/4jhxPj,4,Yes,,2023-05-30
2023-06-04,Normal People,2020,https://boxd.it/4ki5hf,4,,,2023-06-03
2023-06-04,Spider-Man: Into the Spider-Verse,2018,https://boxd.it/4ki6sN,3.5,Yes,,2023-06-03
2023-06-05,The Body,2012,https://boxd.it/4kPMsB,3.5,,,2023-06-04
2023-06-06,Wild Tales,2014,https://boxd.it/4kWu7T,4,,,2023-06-05
2023-06-07,Trainspotting,1996,https://boxd.it/4ldeOV,4,,,2023-06-06
2023-06-11,The Game,1997,https://boxd.it/4mfhn7,3.5,,,2023-06-10
2023-06-11,"The Gangster, the Cop, the Devil",2019,https://boxd.it/4mtdlz,3,,,2023-06-11
2023-06-13,Predestination,2014,https://boxd.it/4mRJpr,3.5,,,2023-06-12
2023-06-15,Frances Ha,2012,https://boxd.it/4nrESZ,3.5,,,2023-06-15
2023-06-20,Manchester by the Sea,2016,https://boxd.it/4oMZXn,4,,,2023-06-19
2023-06-21,Nebraska,2013,https://boxd.it/4p4eJf,4,,,2023-06-20
2023-06-22,After Yang,2021,https://boxd.it/4plVdl,3.5,,,2023-06-21
2023-06-24,Por Thozhil,2023,https://boxd.it/4q3MTv,3.5,,,2023-06-24
2023-06-25,All Quiet on the Western Front,2022,https://boxd.it/4qmqWP,4,,,2023-06-25
2023-06-26,The Thing,1982,https://boxd.it/4qsXc3,4.5,,,2023-06-25
2023-06-28,Vettaiyaadu Vilaiyaadu,2006,https://boxd.it/4r1QLl,3.5,,,2023-06-27
2023-07-04,Requiem for a Dream,2000,https://boxd.it/4sQnw3,4,,,2023-07-03
2023-07-05,Coherence,2013,https://boxd.it/4t9opF,3,,,2023-07-04
2023-07-06,Timecrimes,2007,https://boxd.it/4trO7j,3.5,,,2023-07-05
2023-07-08,Good Night,2023,https://boxd.it/4uaiG7,3,,,2023-07-08
2023-07-09,The Theory of Everything,2014,https://boxd.it/4ugbAt,3.5,,,2023-07-08
2023-07-09,Design for Living,1933,https://boxd.it/4uv7YV,3.5,,,2023-07-09
2023-07-10,2018,2023,https://boxd.it/4uxFMN,3.5,,,2023-07-09
2023-07-11,Battleship,2012,https://boxd.it/4uXpoH,2.5,,,2023-07-10
2023-07-12,Naked,1993,https://boxd.it/4vfgTR,4,,,2023-07-11
2023-07-13,Happening,2021,https://boxd.it/4vxg7J,4,,,2023-07-12
2023-07-14,Kadhalum Kadanthu Pogum,2016,https://boxd.it/4vP9FZ,3.5,,,2023-07-13
2023-07-15,Back to the Future,1985,https://boxd.it/4wkaS3,4,,,2023-07-15
2023-07-16,The Edge of Seventeen,2016,https://boxd.it/4wlz79,3.5,,,2023-07-15
2023-07-16,One Fine Morning,2022,https://boxd.it/4wB6cV,3.5,,,2023-07-16
2023-07-18,Interstellar,2014,https://boxd.it/4x8ii3,4,,,2023-07-18
2023-07-20,Dunkirk,2017,https://boxd.it/4xRgD9,3.5,,,2023-07-19
2023-07-21,Inception,2010,https://boxd.it/4y27JT,3.5,,,2023-07-20
2023-07-22,Yeh Jawaani Hai Deewani,2013,https://boxd.it/4yHUOb,3,,,2023-07-22
2023-07-23,About Elly,2009,https://boxd.it/4yRgbj,4,,,2023-07-22
2023-07-24,Locke,2013,https://boxd.it/4zm7C3,3.5,,,2023-07-23
2023-07-25,Holy Spider,2022,https://boxd.it/4zPuiX,3.5,,,2023-07-24
2023-08-05,Witness,1985,https://boxd.it/4DVYzH,3.5,,,2023-08-04
2023-08-07,Never Let Me Go,2010,https://boxd.it/4ECXGN,3.5,,,2023-08-06
2023-08-12,Maaveeran,2023,https://boxd.it/4Gf4Ad,3,,,2023-08-11
2023-08-13,Spider-Man: Across the Spider-Verse,2023,https://boxd.it/4GxKzd,3.5,,,2023-08-12
2023-08-13,Boiling Point,2021,https://boxd.it/4GzsBz,3.5,,,2023-08-12
2023-08-14,Prisoners,2013,https://boxd.it/4GV1pF,4,,,2023-08-13
2023-08-14,One Day,2011,https://boxd.it/4HcL8p,3,,,2023-08-14
2023-08-15,Children of Men,2006,https://boxd.it/4HhWoj,4,,,2023-08-14
2023-08-15,Little Women,2019,https://boxd.it/4HwQkF,4,,,2023-08-15
2023-08-16,Batman Begins,2005,https://boxd.it/4HCduX,3.5,Yes,,2023-08-15
2023-08-26,Kaakha Kaakha,2003,https://boxd.it/4KECwl,3,,,2023-08-25
2023-08-26,Jailer,2023,https://boxd.it/4KS8Jd,2.5,,,2023-08-26
2023-08-27,The Dark Knight,2008,https://boxd.it/4KTAUl,4,Yes,,2023-08-26
2023-08-29,Rush,2013,https://boxd.it/4LEmn7,3.5,,,2023-08-28
2023-09-14,Barbie,2023,https://boxd.it/4Qi557,3.5,,,2023-09-13
2023-10-02,RDX: Robert Dony Xavier,2023,https://boxd.it/4VLyqL,3,,,2023-09-28
2023-10-02,Cure,1997,https://boxd.it/4VLxF1,4,,,2023-10-01
2023-10-02,Sapta Sagaradaache Ello – Side A,2023,https://boxd.it/4VLxWB,3.5,,,2023-10-02
2023-10-06,Hacksaw Ridge,2016,https://boxd.it/4WYoMd,3.5,,,2023-10-03
2023-10-07,A History of Violence,2005,https://boxd.it/4X5tiV,3.5,Yes,,2023-10-06
2023-10-07,Demolition,2015,https://boxd.it/4XjYs1,3.5,,,2023-10-07
2023-10-08,OMG 2,2023,https://boxd.it/4Xn9mf,3,,,2023-10-07
2023-10-08,Reservoir Dogs,1992,https://boxd.it/4XqtzT,4,,,2023-10-07
2023-10-10,"Oslo, August 31st",2011,https://boxd.it/4Ybxax,4,,,2023-10-09
2023-10-11,The Prestige,2006,https://boxd.it/4Ywsaz,4,,,2023-10-10
2023-10-14,Mark Antony,2023,https://boxd.it/4ZB0Fj,2.5,,,2023-10-14
2023-10-14,First Man,2018,https://boxd.it/4ZGikj,3.5,,,2023-10-14
2023-10-15,Apocalypse Now,1979,https://boxd.it/4ZJcz9,4,,,2023-10-14
2023-10-21,Leo,2023,https://boxd.it/51FRrv,3,,,2023-10-20
2023-10-26,Soodhu Kavvum,2013,https://boxd.it/53vlQh,4,,,2023-10-26
2023-10-28,Pebbles,2021,https://boxd.it/5410qB,4,,,2023-10-27
2023-10-29,Killers of the Flower Moon,2023,https://boxd.it/54q49J,4,,,2023-10-29
2023-11-18,Jigarthanda DoubleX,2023,https://boxd.it/5b97up,3.5,,,2023-11-18
2023-12-25,Maattrraan,2012,https://boxd.it/5ojFuv,3,Yes,,2023-12-24
2023-12-25,Ko,2011,https://boxd.it/5ojGdZ,3.5,Yes,,2023-12-24
2023-12-25,Ghilli,2004,https://boxd.it/5ojH95,3.5,Yes,,2023-12-24
2023-12-28,Strange Days,1995,https://boxd.it/5qf6Lr,3.5,,,2023-12-28
2023-12-28,Chithha,2023,https://boxd.it/5qf7W1,3.5,,,2023-12-28
2023-12-29,12th Fail,2023,https://boxd.it/5qP0oD,3.5,,,2023-12-29
2024-01-02,Martha Marcy May Marlene,2011,https://boxd.it/5sFQUJ,3.5,,,2024-01-01
2024-01-06,Harry Potter and the Philosopher's Stone,2001,https://boxd.it/5vh9OR,3.5,,,2024-01-05
2024-01-06,Three of Us,2022,https://boxd.it/5vhf41,3.5,,,2024-01-05
2024-01-07,Animal,2023,https://boxd.it/5wsKTl,2.5,,,2024-01-07
2024-01-08,Hi Nanna,2023,https://boxd.it/5wEZRt,3,,,2024-01-07
2024-01-11,Harry Potter and the Chamber of Secrets,2002,https://boxd.it/5yBByT,3,,,2024-01-10
2024-01-13,Merry Christmas,2024,https://boxd.it/5zM1DT,3.5,,,2024-01-12
2024-01-14,Harry Potter and the Prisoner of Azkaban,2004,https://boxd.it/5A3uKj,4,,,2024-01-13
2024-01-15,Harry Potter and the Goblet of Fire,2005,https://boxd.it/5AF8Pn,3.5,,,2024-01-14
2024-01-15,Harry Potter and the Order of the Phoenix,2007,https://boxd.it/5AHFVd,3.5,,,2024-01-14
2024-01-15,Harry Potter and the Half-Blood Prince,2009,https://boxd.it/5BhDQd,3,,,2024-01-15
2024-01-15,Harry Potter and the Deathly Hallows: Part 1,2010,https://boxd.it/5BhF0X,3.5,,,2024-01-15
2024-01-15,Harry Potter and the Deathly Hallows: Part 2,2011,https://boxd.it/5BhFNP,3.5,,,2024-01-15
2024-01-16,Bandit Queen,1994,https://boxd.it/5BmVB1,3.5,,,2024-01-15
2024-01-20,Joe,2023,https://boxd.it/5DkbY3,2.5,,,2024-01-19
2024-01-20,May December,2023,https://boxd.it/5DmJcr,4,,,2024-01-20
2024-01-20,The Machinist,2004,https://boxd.it/5DEJzL,3.5,,,2024-01-20
2024-01-20,Kho Gaye Hum Kahan,2023,https://boxd.it/5DGiP7,3.5,,,2024-01-20
2024-01-21,Monster,2023,https://boxd.it/5DLsbB,3.5,,,2024-01-20
2024-01-21,Joyland,2022,https://boxd.it/5DRxOF,4,,,2024-01-21
2024-01-21,Society of the Snow,2023,https://boxd.it/5Ef5rL,4,,,2024-01-21
2024-01-21,10 Things I Hate About You,1999,https://boxd.it/5Ei6UF,3.5,,,2024-01-21
2024-01-27,Wake Up Sid,2009,https://boxd.it/5H8qzT,3,,,2024-01-26
2024-01-27,Zindagi Na Milegi Dobara,2011,https://boxd.it/5H8onh,3.5,,,2024-01-27
2024-01-27,Bones and All,2022,https://boxd.it/5H8pSv,3.5,,,2024-01-27
2024-01-28,Past Lives,2023,https://boxd.it/5HmAT3,4,,,2024-01-28
2024-01-29,42,2013,https://boxd.it/5IbW8b,3.5,,,2024-01-28
2024-02-06,Vadakkupatti Ramasamy,2024,https://boxd.it/5M3kBT,2.5,,,2024-02-04
2024-02-10,Grave of the Fireflies,1988,https://boxd.it/5NGu5F,4,,,2024-02-10
2024-02-13,Lover,2024,https://boxd.it/5P4fDp,3.5,,,2024-02-13
2024-02-18,Sir,2018,https://boxd.it/5QUURl,3.5,,,2024-02-17
2024-02-18,Rushmore,1998,https://boxd.it/5QWxQj,4,,,2024-02-17
2024-03-03,Dune,2021,https://boxd.it/5Xtaqn,4,,,2024-03-02
2024-03-03,Premalu,2024,https://boxd.it/5XufoX,3,,,2024-03-02
2024-03-06,Manjummel Boys,2024,https://boxd.it/5Z44oN,3.5,,,2024-03-05
2024-03-17,Oppenheimer,2023,https://boxd.it/63Y9IB,4,,,2024-03-16
2024-03-17,Another Round,2020,https://boxd.it/643JlX,4,,,2024-03-16
2024-03-17,Rise of the Planet of the Apes,2011,https://boxd.it/64vFE3,3,,,2024-03-17
2024-03-18,Mamma Mia!,2008,https://boxd.it/64wVSR,3,,,2024-03-17
2024-03-18,Dune: Part Two,2024,https://boxd.it/64yoKp,4,,,2024-03-17
2024-04-02,"Like Father, Like Son",2013,https://boxd.it/6bJYgv,4,,,2024-04-01
2024-04-06,Black Swan,2010,https://boxd.it/6drM5n,4,,,2024-04-05
2024-04-13,Shame,2011,https://boxd.it/6gmiC9,3.5,Yes,,2024-04-12
2024-04-13,Fight Club,1999,https://boxd.it/6gDNMj,4,,,2024-04-13
2024-04-15,Pride & Prejudice,2005,https://boxd.it/6h9UuZ,3.5,,,2024-04-14
2024-04-15,Imaikkaa Nodigal,2018,https://boxd.it/6hw0Qh,3,,,2024-04-14
2024-05-04,Lost Ladies,2023,https://boxd.it/6p9TFJ,3.5,,,2024-05-04
2024-05-05,Aamis,2019,https://boxd.it/6pD8UR,3.5,,,2024-05-04
2024-05-05,Aattam,2023,https://boxd.it/6pD7Cx,3.5,,,2024-05-05
2024-05-05,A Scene at the Sea,1991,https://boxd.it/6pFqRb,3.5,,,2024-05-05
2024-05-06,Dawn of the Planet of the Apes,2014,https://boxd.it/6pNdEp,3.5,,,2024-05-05
2024-05-18,War for the Planet of the Apes,2017,https://boxd.it/6uKsWn,3,,,2024-05-17
2024-05-19,The Fly,1986,https://boxd.it/6uSJIj,3.5,,,2024-05-18
2024-05-19,Mad Max: Fury Road,2015,https://boxd.it/6vbv3J,4,,,2024-05-19
2024-06-02,The Batman,2022,https://boxd.it/6B6oTn,4,,,2024-06-02
2024-06-03,Heat,1995,https://boxd.it/6B7IOp,4,,,2024-06-02
2024-07-06,Kalki 2898-AD,2024,https://boxd.it/6OF14X,2.5,,,2024-07-05
2024-07-08,Star,2024,https://boxd.it/6Pc5r3,3,,,2024-07-07
2024-07-21,October,2018,https://boxd.it/6UZqwh,3.5,,,2024-07-20
2024-08-03,8 A.M. Metro,2023,https://boxd.it/71cP01,3.5,,,2024-08-03
2024-08-03,Iratta,2023,https://boxd.it/71e4qZ,3,,,2024-08-03
2024-08-03,Ford v Ferrari,2019,https://boxd.it/71gQF3,4,,,2024-08-03
2024-08-11,The Wolverine,2013,https://boxd.it/74jQkH,3,,,2024-08-10
2024-08-11,X-Men Origins: Wolverine,2009,https://boxd.it/74jQXf,2.5,,,2024-08-10
2024-08-11,Unbelievable,2019,https://boxd.it/74jRED,4,,,2024-08-10
2024-08-15,Gladiator,2000,https://boxd.it/76tUH9,4,,,2024-08-15
2024-08-22,Twisters,2024,https://boxd.it/79FuTf,3,,,2024-08-15
2024-08-31,Raayan,2024,https://boxd.it/7dWt4l,3,,,2024-08-31
2024-09-09,The Silence of the Lambs,1991,https://boxd.it/7hMtNB,4,,,2024-09-08
2024-09-21,Longlegs,2024,https://boxd.it/7mZ8XB,3.5,,,2024-09-15
2024-09-21,Guruvayoor Ambalanadayil,2024,https://boxd.it/7njnIh,3,,,2024-09-21
2024-09-22,Civil War,2024,https://boxd.it/7nP1bT,3.5,,,2024-09-22
2024-09-22,Sharp Objects,2018,https://boxd.it/7nQN5r,4,,,2024-09-22
2024-10-05,Atonement,2007,https://boxd.it/7tAlEl,4,,,2024-10-05
2024-10-06,Aliens,1986,https://boxd.it/7ubOMn,4,,,2024-10-06
2024-10-07,Taste of Cherry,1997,https://boxd.it/7ugVzv,4,,,2024-10-06
2024-10-13,Stree 2,2024,https://boxd.it/7x4JEL,3,,,2024-10-12
2024-10-21,Talvar,2015,https://boxd.it/7Bdglp,3.5,,,2024-10-13
2024-10-21,Montage,2013,https://boxd.it/7BdjWj,3.5,,,2024-10-13
2024-10-20,The Circle,2000,https://boxd.it/7Baw6T,3.5,,,2024-10-20
2024-10-21,Gargi,2022,https://boxd.it/7BdbVn,3.5,,,2024-10-20
2024-10-27,Meiyazhagan,2024,https://boxd.it/7EkI5l,3.5,,,2024-10-26
2024-11-01,Vettaiyan,2024,https://boxd.it/7H0p8R,3,,,2024-10-31
2024-11-18,Ante... Sundaraniki!,2022,https://boxd.it/7Q4GSh,3.5,,,2024-11-16
2024-12-07,10 Cloverfield Lane,2016,https://boxd.it/7Zvvid,3.5,,,2024-12-07
2024-12-15,Sookshmadarshini,2024,https://boxd.it/835lIJ,3.5,,,2024-12-14
2024-12-15,The Adamant Girl,2024,https://boxd.it/835r75,3.5,,,2024-12-14
2024-12-15,Viduthalai: Part I,2023,https://boxd.it/835tAX,4,,,2024-12-14
2024-12-16,Kishkindha Kaandam,2024,https://boxd.it/84bOir,3.5,,,2024-12-15
2024-12-28,Girls Will Be Girls,2024,https://boxd.it/8cqo4F,3.5,,,2024-12-25
2024-12-28,Nayakan,1987,https://boxd.it/8cqrOL,4,,,2024-12-25
2024-12-28,The Last 10 Years,2022,https://boxd.it/8cquhZ,3.5,,,2024-12-25
2024-12-28,Take Shelter,2011,https://boxd.it/8cqjHH,4,,,2024-12-28
2024-12-28,Anora,2024,https://boxd.it/8cqn9J,3.5,,,2024-12-28
2024-12-29,Asako I & II,2018,https://boxd.it/8ctjkT,4,,,2024-12-28
2024-12-29,The Imitation Game,2014,https://boxd.it/8d0jon,3,,,2024-12-28
2025-01-11,Nirangal Moondru,2024,https://boxd.it/8qhbrJ,3.5,,,2025-01-11
2025-01-11,How to Make Millions Before Grandma Dies,2024,https://boxd.it/8qmV63,4,,,2025-01-11
2025-01-12,Yuni,2021,https://boxd.it/8qsAex,3.5,,,2025-01-11
2025-01-13,Dahaad,2023,https://boxd.it/8rFx5n,3,,,2025-01-12
2025-01-15,The Raid,2011,https://boxd.it/8tRENX,4,Yes,,2025-01-14
2025-01-15,The Raid 2,2014,https://boxd.it/8tRLJj,3.5,,,2025-01-14
2025-01-18,Beyond the Infinite Two Minutes,2020,https://boxd.it/8wd5mJ,4,,,2025-01-18
2025-02-01,A Real Pain,2024,https://boxd.it/8GTXZp,3.5,,,2025-02-01
2025-02-09,Vidaamuyarchi,2025,https://boxd.it/8MflK1,3,,,2025-02-08
2025-03-08,Kai Po Che!,2013,https://boxd.it/93Kwdx,3.5,,,2025-03-08
2025-03-24,Dragon,2025,https://boxd.it/9cYGFZ,3,,,2025-03-22
2025-03-24,Nilavuku En Mel Ennadi Kobam,2025,https://boxd.it/9cYI8X,2,,,2025-03-23
2025-03-24,Officer on Duty,2025,https://boxd.it/9cYNj7,3.5,,,2025-03-23
2025-03-24,Adolescence,2025,https://boxd.it/9cZ8Vr,4,,,2025-03-23
2025-03-29,The Wind Rises,2013,https://boxd.it/9g914x,4,,,2025-03-29
2025-04-02,Mouna Raagam,1986,https://boxd.it/9i6Euh,3.5,,,2025-03-29
2025-04-02,Santosh,2024,https://boxd.it/9i6F3V,3.5,,,2025-03-30
2025-04-02,Karwaan,2018,https://boxd.it/9i6G7f,3.5,,,2025-03-31
2025-04-26,Veera Dheera Sooran: Part 2,2025,https://boxd.it/9wz085,3.5,,,2025-04-26
2025-04-27,Barfi!,2012,https://boxd.it/9wBVzr,4,,,2025-04-26
2025-04-28,Life of Pi,2012,https://boxd.it/9xkryN,3.5,,,2025-04-27
2025-05-01,The Revenant,2015,https://boxd.it/9zkVJp,4,,,2025-05-01
2025-05-02,Court: State vs. A Nobody,2025,https://boxd.it/9ztvSN,3,,,2025-05-01
2025-05-19,Good Bad Ugly,2025,https://boxd.it/9JXs0t,2,,,2025-05-11
2025-05-19,Irugapatru,2023,https://boxd.it/9JS5bN,3.5,,,2025-05-18
2025-05-19,Tourist Family,2025,https://boxd.it/9JS6i1,3.5,,,2025-05-18
2025-05-19,Superboys of Malegaon,2024,https://boxd.it/9JS7ir,3.5,,,2025-05-18
2025-06-02,HIT: The First Case,2020,https://boxd.it/9SFVqF,3.5,,,2025-05-31
2025-06-02,HIT: The 2nd Case,2022,https://boxd.it/9SFX97,2.5,,,2025-05-31
2025-06-02,HIT: The Third Case,2025,https://boxd.it/9SFXFR,3,,,2025-06-01
2025-06-02,Retro,2025,https://boxd.it/9SG0sV,3,,,2025-06-01
2025-06-07,Thug Life,2025,https://boxd.it/9Veh5b,2.5,,,2025-06-07
2025-07-21,Thupparivaalan,2017,https://boxd.it/apgsjn,3.5,,,2025-07-19
2025-07-21,Kuberaa,2025,https://boxd.it/apgKwT,3,,,2025-07-19
2025-07-21,Dear Zindagi,2016,https://boxd.it/apgQit,3.5,,,2025-07-20
2025-08-02,PK,2014,https://boxd.it/azbaHr,3.5,,,2025-07-26
2025-08-02,Casino Royale,2006,https://boxd.it/azbiFN,4,,,2025-07-27
2025-08-02,Quantum of Solace,2008,https://boxd.it/azbnb9,3,,,2025-07-27
2025-08-02,Skyfall,2012,https://boxd.it/azbriX,4,,,2025-07-27
2025-08-11,3BHK,2025,https://boxd.it/aGfSPF,3,,,2025-08-10
2025-08-18,Khauf,2025,https://boxd.it/aLsyZL,3.5,,,2025-08-16
2025-08-18,Mandala Murders,2025,https://boxd.it/aLsDxx,2.5,,,2025-08-17
2025-08-31,Superman,2025,https://boxd.it/aUxqCb,3.5,,,2025-08-30
2025-08-31,F1,2025,https://boxd.it/aVdo75,4,,,2025-08-31
2025-09-05,Lokah Chapter 1: Chandra,2025,https://boxd.it/aYwUD3,3.5,,,2025-09-04
2025-09-12,Madharaasi,2025,https://boxd.it/b2xwO5,3,,,2025-09-11
2025-09-14,Coolie,2025,https://boxd.it/b4fnsV,2.5,,,2025-09-14
2025-09-14,Saiyaara,2025,https://boxd.it/b4foE9,3,,,2025-09-14
2025-09-15,The Hunt,2012,https://boxd.it/b4fvNx,4,,,2025-09-14
2025-10-02,A Touch of Sin,2013,https://boxd.it/berCTr,3.5,,,2025-10-01
2025-10-02,Still Life,2006,https://boxd.it/betVkz,4,,,2025-10-01
2025-10-03,A Silent Voice: The Movie,2016,https://boxd.it/bf4R8j,4,,,2025-10-02
2025-10-03,I Want to Eat Your Pancreas,2018,https://boxd.it/bf4SNd,4,,,2025-10-02
2025-10-12,Sinners,2025,https://boxd.it/bkEB8z,4,,,2025-10-11
2025-10-12,Burning,2018,https://boxd.it/bkHtWx,3.5,,,2025-10-11
2025-11-03,Task,2025,https://boxd.it/bAA4yZ,3.5,,,2025-11-02
2025-11-09,Kiss,2025,https://boxd.it/bDGXpn,3,,,2025-11-08
2025-11-09,Nope,2022,https://boxd.it/bDKBft,4,Yes,,2025-11-08
2025-11-10,Baramulla,2025,https://boxd.it/bEB2qx,3,,,2025-11-09
2025-11-22,Saving Private Ryan,1998,https://boxd.it/bNuPen,4,Yes,,2025-11-22
2025-11-30,The Man Who Knew Infinity,2015,https://boxd.it/bSZsJp,3,,,2025-11-29
2025-11-30,F1,2025,https://boxd.it/bSZviV,4,Yes,,2025-11-29
2025-12-07,The Girlfriend,2025,https://boxd.it/bXDjY7,2.5,,,2025-12-06
2025-12-07,Sister Midnight,2024,https://boxd.it/bXDi0l,3.5,,,2025-12-07
2025-12-07,Left-Handed Girl,2025,https://boxd.it/bXDlNl,3.5,,,2025-12-07
2025-12-13,We Live in Time,2024,https://boxd.it/c1g1Sb,3.5,,,2025-12-12
2025-12-13,Kaantha,2025,https://boxd.it/c1H3xD,3.5,,,2025-12-13
2025-12-13,Short Term 12,2013,https://boxd.it/c1L7wx,4,,,2025-12-13
2025-12-13,Perfect Blue,1997,https://boxd.it/c1RoEF,4,,,2025-12-13
2025-12-15,Aaromaley,2025,https://boxd.it/c3sthJ,3,,,2025-12-14
2025-12-21,Silence,2016,https://boxd.it/c8jnUn,4,,,2025-12-20
2025-12-21,Homebound,2025,https://boxd.it/c8oGGJ,3.5,,,2025-12-20
2026-01-03,Thevar Magan,1992,https://boxd.it/co9SzJ,4,,,2026-01-01
2026-01-03,"Sorry, Baby",2025,https://boxd.it/coafS5,4,,,2026-01-02
2026-01-04,Eko,2025,https://boxd.it/cptCQD,3.5,,,2026-01-03
2026-01-05,About Time,2013,https://boxd.it/crvjyx,4,,,2026-01-04
2026-01-12,Sore: A Wife from the Future,2025,https://boxd.it/cA0mqF,4,,,2026-01-11
2026-01-16,Parasakthi,2026,https://boxd.it/cErkL7,3,,,2026-01-15
2026-01-18,Mask,2025,https://boxd.it/cHrt0r,3,,,2026-01-18
2026-01-19,The Substance,2024,https://boxd.it/cHrUQp,4,,,2026-01-18
2026-01-19,Gia,1998,https://boxd.it/cHCQXN,3.5,,,2026-01-18
2026-01-19,It Was Just an Accident,2025,https://boxd.it/cHCXFB,4,,,2026-01-18
2026-01-25,Angammal,2024,https://boxd.it/cNJlJj,3.5,,,2026-01-24
2026-01-27,Thalaivar Thambi Thalaimaiyil,2026,https://boxd.it/cQWrof,3.5,,,2026-01-27
2026-02-01,Sarvam Maya,2025,https://boxd.it/cVcZeh,3.5,,,2026-01-31
2026-02-14,Dhurandhar,2025,https://boxd.it/d7zUvr,3,,,2026-02-14
2026-03-01,Hamnet,2025,https://boxd.it/dkU40b,3.5,,,2026-02-28
2026-03-07,One Battle After Another,2025,https://boxd.it/dqlU8b,3.5,,,2026-03-07
2026-03-08,With Love,2026,https://boxd.it/dqGITL,3,,,2026-03-08
2026-03-08,Train Dreams,2025,https://boxd.it/dqGNxv,4,,,2026-03-08
2026-03-22,The Secret Agent,2025,https://boxd.it/dBYLLb,3.5,,,2026-03-21
2026-03-22,Tremors,1990,https://boxd.it/dC22I5,3.5,,,2026-03-21
2026-04-06,Oru Jaathi Jaathakam,2025,https://boxd.it/dRg96b,3,,,2026-04-05
2026-04-25,Ohm Shanthi Oshaana,2014,https://boxd.it/e6KItT,3.5,,,2026-04-25
2026-04-27,Bangalore Days,2014,https://boxd.it/e8yr1n,3.5,Yes,,2026-04-26
2026-04-27,Mumbai Police,2013,https://boxd.it/e8yutf,3.5,,,2026-04-26
2026-05-06,Kedi Billa Killadi Ranga,2013,https://boxd.it/efP2rn,2.5,,,2026-05-02
2026-05-06,Sunny,2011,https://boxd.it/efP3NT,3.5,,,2026-05-03
2026-05-06,Contact,1997,https://boxd.it/efP4TN,4,,,2026-05-03
2026-05-17,Karuppu,2026,https://boxd.it/eoHuxX,2.5,,,2026-05-16
2026-05-17,Love Insurance Kompany,2026,https://boxd.it/eoHvOF,2,,,2026-05-17
2026-05-17,The Matrix,1999,https://boxd.it/eoHNxn,4,,,2026-05-17
2026-05-24,Whisper of the Heart,1995,https://boxd.it/eugkGv,3.5,,,2026-05-23
2026-05-24,Gifted,2017,https://boxd.it/eugm3F,3,,,2026-05-24
2026-05-24,I Saw the Devil,2010,https://boxd.it/eugpqR,3.5,,,2026-05-24
2026-05-25,Aftersun,2022,https://boxd.it/ev47VR,4,Yes,,2026-05-24
2026-06-01,Kara,2026,https://boxd.it/eBj06B,3,,,2026-05-31
2026-06-01,Blast,2026,https://boxd.it/eBj2Ob,3.5,,,2026-05-31
2026-06-08,The Motorcycle Diaries,2004,https://boxd.it/eGW7sn,4,,,2026-06-06
2026-06-08,"The Gangster, the Cop, the Devil",2019,https://boxd.it/eHEjkD,3,Yes,,2026-06-07
2026-06-08,Thattathin Marayathu,2012,https://boxd.it/eHElM5,3.5,,,2026-06-07
2026-06-29,29,2026,https://boxd.it/eZJreF,3,,,2026-06-28
