Date,Name,Year,Letterboxd URI,Rating
2022-09-01,American Psycho,2000,https://boxd.it/28Vs,4
2022-09-03,Thiruchitrambalam,2022,https://boxd.it/wptK,3.5
2022-09-04,Gulu Gulu,2022,https://boxd.it/AyUS,3
2022-09-07,Maanaadu,2021,https://boxd.it/ju24,3.5
2022-09-18,D Block,2022,https://boxd.it/wGv4,2.5
2022-09-27,Bullet Train,2022,https://boxd.it/qW26,3.5
2022-09-28,Vendhu Thanindhathu Kaadu,2022,https://boxd.it/u8ki,3.5
2022-10-02,Cobra,2022,https://boxd.it/tPXq,2.5
2022-10-02,Malena,2000,https://boxd.it/1Vc0,3.5
2022-10-02,Naane Varuvean,2022,https://boxd.it/txW0,3.5
2022-10-03,The Worst Person in the World,2021,https://boxd.it/oyws,4
2022-10-04,X+Y,2014,https://boxd.it/8uC0,3.5
2022-10-05,Ponniyin Selvan: Part I,2022,https://boxd.it/oz24,3
2022-10-09,One Cut of the Dead,2017,https://boxd.it/iAFu,4
2022-10-09,Dogtooth,2009,https://boxd.it/158K,3.5
2022-10-14,The Bow,2005,https://boxd.it/27Ky,3.5
2022-10-14,Speak No Evil,2022,https://boxd.it/vqlg,3
2022-10-16,Sita Ramam,2022,https://boxd.it/xO2c,3.5
2022-10-19,[REC],2007,https://boxd.it/20ma,3.5
2022-10-30,Babel,2006,https://boxd.it/292o,3.5
2022-11-10,Collateral,2004,https://boxd.it/28F0,3.5
2022-11-13,Sardar,2022,https://boxd.it/wpuI,3
2022-11-18,Prey,2022,https://boxd.it/sNBU,3.5
2022-11-19,Love Today,2022,https://boxd.it/D3KI,2.5
2022-11-20,Good Will Hunting,1997,https://boxd.it/2ahY,3.5
2022-11-22,The Grand Budapest Hotel,2014,https://boxd.it/3ZqO,4
2022-11-23,Silver Linings Playbook,2012,https://boxd.it/2TTo,3.5
2022-11-29,Natchathiram Nagargiradhu,2022,https://boxd.it/wkx8,3.5
2022-11-30,Titanic,1997,https://boxd.it/2a2k,3.5
2022-11-30,Donnie Darko,2001,https://boxd.it/2b2A,3.5
2022-12-01,Nope,2022,https://boxd.it/sDCe,4
2022-12-01,127 Hours,2010,https://boxd.it/SLa,3
2022-12-03,Psycho,1960,https://boxd.it/2ab2,4
2022-12-04,3-Iron,2004,https://boxd.it/28WK,4
2022-12-09,The Autopsy of Jane Doe,2016,https://boxd.it/dUu2,3
2022-12-10,Castaway on the Moon,2009,https://boxd.it/1GXU,3.5
2022-12-12,The Secret Life of Walter Mitty,2013,https://boxd.it/3SWy,3.5
2022-12-13,Before Sunrise,1995,https://boxd.it/2bcU,3.5
2022-12-17,Parched,2015,https://boxd.it/bQii,3.5
2022-12-17,Avatar,2009,https://boxd.it/1Efm,3
2022-12-17,Avatar: The Way of Water,2022,https://boxd.it/2E2E,3
2022-12-18,The Florida Project,2017,https://boxd.it/dMG0,3.5
2022-12-21,11:14,2003,https://boxd.it/1Z4E,3.5
2022-12-23,Spider-Man: Into the Spider-Verse,2018,https://boxd.it/azpY,3.5
2022-12-25,Fresh,2022,https://boxd.it/tCNi,3.5
2022-12-26,La La Land,2016,https://boxd.it/a5fa,3.5
2022-12-26,In Bruges,2008,https://boxd.it/20n8,4
2022-12-26,"Three Billboards Outside Ebbing, Missouri",2017,https://boxd.it/ceBS,3.5
2022-12-27,The Boy in the Striped Pyjamas,2008,https://boxd.it/1NOK,3.5
2022-12-30,The Girl with a Bracelet,2019,https://boxd.it/lqS0,3.5
2022-12-30,Predator,1987,https://boxd.it/2b84,4
2022-12-31,The Royal Tenenbaums,2001,https://boxd.it/1YHU,4
2022-12-31,Scott Pilgrim vs. the World,2010,https://boxd.it/1Aq6,4
2023-01-01,Begin Again,2013,https://boxd.it/5Ybs,3.5
2023-01-02,A Hero,2021,https://boxd.it/p2zw,3.5
2023-01-02,(500) Days of Summer,2009,https://boxd.it/1EmM,3.5
2023-01-03,Friends with Benefits,2011,https://boxd.it/DoK,2.5
2023-01-04,The Menu,2022,https://boxd.it/lScm,3.5
2023-01-05,Miracle Mile,1988,https://boxd.it/1x68,3.5
2023-01-05,Chennai 600028,2007,https://boxd.it/2EDA,4
2023-01-08,Triangle of Sadness,2022,https://boxd.it/hXlq,3.5
2023-01-08,Lady Bird,2017,https://boxd.it/dGNE,4
2023-01-08,Me and Earl and the Dying Girl,2015,https://boxd.it/9SAE,4
2023-01-08,Sound of Metal,2019,https://boxd.it/i7Q4,4
2023-01-10,Four Lions,2010,https://boxd.it/18do,3.5
2023-01-10,Incendies,2010,https://boxd.it/Msm,4
2023-01-11,Sicario,2015,https://boxd.it/8i7u,3
2023-01-11,Phantom Thread,2017,https://boxd.it/e4uc,4
2023-01-11,Jaws,1975,https://boxd.it/2a5e,4.5
2023-01-12,Everything Everywhere All at Once,2022,https://boxd.it/jUk4,4
2023-01-13,Searching,2018,https://boxd.it/hDPg,3.5
2023-01-13,Kiss Kiss Bang Bang,2005,https://boxd.it/23c8,4
2023-01-13,Get Out,2017,https://boxd.it/eOCm,3.5
2023-01-14,Death at a Funeral,2007,https://boxd.it/27dO,3.5
2023-01-14,28 Days Later,2002,https://boxd.it/2aXU,4
2023-01-14,Nitham Oru Vaanam,2022,https://boxd.it/lchO,3
2023-01-15,Polytechnique,2009,https://boxd.it/1AMG,3.5
2023-01-15,Seven Psychopaths,2012,https://boxd.it/34PW,4
2023-01-16,RRR,2022,https://boxd.it/ljDs,3
2023-01-18,Vikram,2022,https://boxd.it/rUJa,3.5
2023-01-19,A Snake of June,2002,https://boxd.it/1fuQ,3
2023-01-20,After Hours,1985,https://boxd.it/1VfS,4
2023-01-21,The Big Lebowski,1998,https://boxd.it/2b6C,4
2023-01-21,Scarface,1983,https://boxd.it/2b7g,3.5
2023-01-22,Alien,1979,https://boxd.it/2awY,3.5
2023-01-22,Before Sunset,2004,https://boxd.it/2bcg,3
2023-01-23,Lucky Number Slevin,2006,https://boxd.it/2aVu,3
2023-01-24,Dead Poets Society,1989,https://boxd.it/2aSg,4
2023-01-26,Goodnight Mommy,2014,https://boxd.it/8Niy,2.5
2023-01-26,Lars and the Real Girl,2007,https://boxd.it/21tG,3.5
2023-01-27,Blow Out,1981,https://boxd.it/1TlE,4
2023-01-28,Moon,2009,https://boxd.it/1IGQ,3.5
2023-01-28,The Tribe,2014,https://boxd.it/8aqe,3.5
2023-01-29,Jaya Jaya Jaya Jaya Hey,2022,https://boxd.it/z60K,3
2023-01-29,Ex Machina,2015,https://boxd.it/7T2k,4
2023-01-30,Spencer,2021,https://boxd.it/qPMG,3.5
2023-01-31,Contempt,1963,https://boxd.it/2aJe,3.5
2023-02-04,Thunivu,2023,https://boxd.it/y85g,3
2023-02-05,Palm Springs,2020,https://boxd.it/lCXQ,3.5
2023-02-06,Submarine,2010,https://boxd.it/H4a,3.5
2023-02-06,Your Name.,2016,https://boxd.it/cUqs,4
2023-02-11,Eraserhead,1977,https://boxd.it/299u,4
2023-02-12,The Virgin Suicides,1999,https://boxd.it/28JG,3.5
2023-02-13,The Hand of God,2021,https://boxd.it/r5uI,3.5
2023-02-19,Dada,2023,https://boxd.it/AtFy,3
2023-02-20,Dog Day Afternoon,1975,https://boxd.it/29bg,4
2023-02-25,Women Talking,2022,https://boxd.it/tdq4,4
2023-02-26,Notting Hill,1999,https://boxd.it/2aeK,3.5
2023-02-26,Shaun of the Dead,2004,https://boxd.it/29J8,4
2023-02-27,A History of Violence,2005,https://boxd.it/2bfa,3.5
2023-03-04,Cha Cha Real Smooth,2022,https://boxd.it/uF8E,3
2023-03-05,Hot Fuzz,2007,https://boxd.it/2416,4
2023-03-05,Vinnaithaandi Varuvaayaa,2010,https://boxd.it/1796,4
2023-03-16,Five Feet Apart,2019,https://boxd.it/jaAK,3
2023-03-18,Signs,2002,https://boxd.it/26t2,3.5
2023-03-19,21 Grams,2003,https://boxd.it/2ajK,4
2023-03-19,Blue Jean,2022,https://boxd.it/AHhg,3.5
2023-03-20,Booksmart,2019,https://boxd.it/igNS,3
2023-03-27,John Wick,2014,https://boxd.it/7dEc,3.5
2023-03-27,Speak,2004,https://boxd.it/1MTO,3.5
2023-03-29,John Wick: Chapter 2,2017,https://boxd.it/ayGu,3
2023-03-30,John Wick: Chapter 3 – Parabellum,2019,https://boxd.it/gmFw,3
2023-03-31,Contagion,2011,https://boxd.it/13rq,3.5
2023-04-02,Pichaikkaran,2016,https://boxd.it/dkw2,3
2023-04-02,The Reader,2008,https://boxd.it/20Dq,3.5
2023-04-02,Once,2007,https://boxd.it/22GG,3.5
2023-04-02,Wild,2014,https://boxd.it/6KQo,3
2023-04-02,Shershaah,2021,https://boxd.it/m860,3
2023-04-02,When Harry Met Sally...,1989,https://boxd.it/29W2,3.5
2023-04-05,First Reformed,2017,https://boxd.it/go9C,4
2023-04-08,The Road,2009,https://boxd.it/1CWI,3.5
2023-04-08,"Love, Rosie",2014,https://boxd.it/62hE,3.5
2023-04-08,Tetris,2023,https://boxd.it/rePK,3.5
2023-04-08,Gangubai Kathiawadi,2022,https://boxd.it/oJek,3
2023-04-08,Y Tu Mamá También,2001,https://boxd.it/28QM,3.5
2023-04-09,Snowpiercer,2013,https://boxd.it/3Icg,3.5
2023-04-10,Rockstar,2011,https://boxd.it/2Lvo,3.5
2023-04-12,John Wick: Chapter 4,2023,https://boxd.it/mh48,3.5
2023-04-13,The Nice Guys,2016,https://boxd.it/94Hg,3.5
2023-04-16,Udaan,2010,https://boxd.it/PPe,4
2023-04-17,Vada Chennai,2018,https://boxd.it/esfK,4
2023-04-17,Delhi Belly,2011,https://boxd.it/2gEk,3.5
2023-04-19,Annihilation,2018,https://boxd.it/9yzm,3.5
2023-04-19,Princess Cyd,2017,https://boxd.it/gewQ,3
2023-04-22,Blue Valentine,2010,https://boxd.it/MxG,3.5
2023-04-22,Suzume,2022,https://boxd.it/yv7Y,3.5
2023-04-25,Badlands,1973,https://boxd.it/25Fm,3.5
2023-04-29,Ponniyin Selvan: Part II,2023,https://boxd.it/wpuS,3
2023-05-06,Wind River,2017,https://boxd.it/dR3i,3.5
2023-05-06,13 Going on 30,2004,https://boxd.it/1X6e,3.5
2023-05-13,But I'm a Cheerleader,1999,https://boxd.it/1CW4,3.5
2023-05-14,Charlie,2015,https://boxd.it/cV5q,3.5
2023-05-16,The Perks of Being a Wallflower,2012,https://boxd.it/2ZA8,3.5
2023-05-21,5 Centimeters per Second,2007,https://boxd.it/16G4,3.5
2023-05-23,Modern Love Chennai,2023,https://boxd.it/GJ2k,4
2023-05-25,Mean Girls,2004,https://boxd.it/1VNg,3
2023-05-26,Little Miss Sunshine,2006,https://boxd.it/29EW,3.5
2023-05-28,Melancholia,2011,https://boxd.it/bPI,4
2023-05-28,Irreversible,2002,https://boxd.it/29as,4
2023-06-04,Normal People,2020,https://boxd.it/q2VY,4
2023-06-05,The Body,2012,https://boxd.it/3Jsa,3.5
2023-06-06,Wild Tales,2014,https://boxd.it/7UmK,4
2023-06-07,Trainspotting,1996,https://boxd.it/29XY,4
2023-06-11,The Game,1997,https://boxd.it/26vC,3.5
2023-06-11,"The Gangster, the Cop, the Devil",2019,https://boxd.it/lnuk,3
2023-06-13,Predestination,2014,https://boxd.it/6bJM,3.5
2023-06-15,Frances Ha,2012,https://boxd.it/41Xg,3.5
2023-06-20,Manchester by the Sea,2016,https://boxd.it/b2L0,4
2023-06-21,Nebraska,2013,https://boxd.it/4exq,4
2023-06-22,After Yang,2021,https://boxd.it/lx5a,3.5
2023-06-24,Por Thozhil,2023,https://boxd.it/GbJE,3.5
2023-06-25,All Quiet on the Western Front,2022,https://boxd.it/H08,4
2023-06-26,The Thing,1982,https://boxd.it/294O,4.5
2023-06-28,Vettaiyaadu Vilaiyaadu,2006,https://boxd.it/6mw,3.5
2023-07-04,Requiem for a Dream,2000,https://boxd.it/29VI,4
2023-07-05,Coherence,2013,https://boxd.it/6xza,3
2023-07-06,Timecrimes,2007,https://boxd.it/1OGM,3.5
2023-07-09,Good Night,2023,https://boxd.it/FgZA,3
2023-07-09,The Theory of Everything,2014,https://boxd.it/7YtA,3.5
2023-07-09,Design for Living,1933,https://boxd.it/2FJE,3.5
2023-07-10,2018,2023,https://boxd.it/wKhA,3.5
2023-07-11,Battleship,2012,https://boxd.it/QZ0,2.5
2023-07-12,Naked,1993,https://boxd.it/1BT4,4
2023-07-13,Happening,2021,https://boxd.it/tRts,4
2023-07-14,Kadhalum Kadanthu Pogum,2016,https://boxd.it/dvpw,3.5
2023-07-15,Back to the Future,1985,https://boxd.it/2b8e,4
2023-07-16,The Edge of Seventeen,2016,https://boxd.it/d5nu,3.5
2023-07-16,One Fine Morning,2022,https://boxd.it/s4Ta,3.5
2023-07-18,Interstellar,2014,https://boxd.it/4VZ8,4
2023-07-20,Dunkirk,2017,https://boxd.it/d0Y6,3.5
2023-07-21,Inception,2010,https://boxd.it/1skk,3.5
2023-07-22,Yeh Jawaani Hai Deewani,2013,https://boxd.it/5Cmo,3
2023-07-23,About Elly,2009,https://boxd.it/18Ry,4
2023-07-24,Locke,2013,https://boxd.it/6hHC,3.5
2023-07-25,Holy Spider,2022,https://boxd.it/xBn2,3.5
2023-08-05,Witness,1985,https://boxd.it/1Z4O,3.5
2023-08-07,Never Let Me Go,2010,https://boxd.it/Xw0,3.5
2023-08-12,Maaveeran,2023,https://boxd.it/Bktq,3
2023-08-13,Spider-Man: Across the Spider-Verse,2023,https://boxd.it/kSz4,3.5
2023-08-13,Boiling Point,2021,https://boxd.it/uo2u,3.5
2023-08-14,Prisoners,2013,https://boxd.it/4E5i,4
2023-08-14,One Day,2011,https://boxd.it/Asu,3
2023-08-15,Children of Men,2006,https://boxd.it/1Y2i,4
2023-08-15,Little Women,2019,https://boxd.it/aSVk,4
2023-08-16,Batman Begins,2005,https://boxd.it/2aIg,3.5
2023-08-26,Kaakha Kaakha,2003,https://boxd.it/aQvk,3
2023-08-26,Jailer,2023,https://boxd.it/zkA8,2.5
2023-08-27,The Dark Knight,2008,https://boxd.it/2b0k,4
2023-08-29,Rush,2013,https://boxd.it/3lyS,3.5
2023-09-14,Barbie,2023,https://boxd.it/bCLK,3.5
2023-10-02,Cure,1997,https://boxd.it/1blA,4
2023-10-02,Sapta Sagaradaache Ello – Side A,2023,https://boxd.it/IhOY,3.5
2023-10-02,RDX: Robert Dony Xavier,2023,https://boxd.it/BHtS,3
2023-10-06,Hacksaw Ridge,2016,https://boxd.it/azew,3.5
2023-10-07,Demolition,2015,https://boxd.it/9GuY,3.5
2023-10-08,OMG 2,2023,https://boxd.it/xz6S,3
2023-10-08,Reservoir Dogs,1992,https://boxd.it/2agc,4
2023-10-10,"Oslo, August 31st",2011,https://boxd.it/2xQC,4
2023-10-11,The Prestige,2006,https://boxd.it/293w,4
2023-10-14,Mark Antony,2023,https://boxd.it/yJKA,2.5
2023-10-14,First Man,2018,https://boxd.it/cPym,3.5
2023-10-15,Apocalypse Now,1979,https://boxd.it/6ZS,4
2023-10-23,Leo,2023,https://boxd.it/zOWS,3
2023-10-26,Soodhu Kavvum,2013,https://boxd.it/5IRi,4
2023-10-28,Pebbles,2021,https://boxd.it/tgko,4
2023-10-29,Killers of the Flower Moon,2023,https://boxd.it/gHp0,4
2023-11-18,Jigarthanda DoubleX,2023,https://boxd.it/C4xI,3.5
2023-12-25,Maattrraan,2012,https://boxd.it/4tIe,3
2023-12-25,Ko,2011,https://boxd.it/6p6,3.5
2023-12-25,Ghilli,2004,https://boxd.it/6qe,3.5
2023-12-28,Strange Days,1995,https://boxd.it/2aGO,3.5
2023-12-28,Chithha,2023,https://boxd.it/GbIc,3.5
2024-01-02,Martha Marcy May Marlene,2011,https://boxd.it/CJs,3.5
2024-01-04,12th Fail,2023,https://boxd.it/I1sM,3.5
2024-01-06,Harry Potter and the Philosopher's Stone,2001,https://boxd.it/29QS,3.5
2024-01-06,Three of Us,2022,https://boxd.it/DQmq,3.5
2024-01-07,Animal,2023,https://boxd.it/toAu,2.5
2024-01-08,Hi Nanna,2023,https://boxd.it/Eqsa,3
2024-01-11,Harry Potter and the Chamber of Secrets,2002,https://boxd.it/29QI,3
2024-01-13,Merry Christmas,2024,https://boxd.it/xCn8,3.5
2024-01-14,Harry Potter and the Prisoner of Azkaban,2004,https://boxd.it/29Qy,4
2024-01-15,Harry Potter and the Goblet of Fire,2005,https://boxd.it/29Qo,3.5
2024-01-15,Harry Potter and the Order of the Phoenix,2007,https://boxd.it/29Qe,3.5
2024-01-15,Harry Potter and the Half-Blood Prince,2009,https://boxd.it/29FU,3
2024-01-15,Harry Potter and the Deathly Hallows: Part 1,2010,https://boxd.it/1RYu,3.5
2024-01-15,Harry Potter and the Deathly Hallows: Part 2,2011,https://boxd.it/1RYk,3.5
2024-01-16,Bandit Queen,1994,https://boxd.it/1NoC,3.5
2024-01-20,Joe,2023,https://boxd.it/JQDe,2.5
2024-01-20,May December,2023,https://boxd.it/vEE2,4
2024-01-20,The Machinist,2004,https://boxd.it/248c,3.5
2024-01-20,Kho Gaye Hum Kahan,2023,https://boxd.it/x1qa,3.5
2024-01-21,Monster,2023,https://boxd.it/DJEM,3.5
2024-01-21,Joyland,2022,https://boxd.it/AlzM,4
2024-01-21,Society of the Snow,2023,https://boxd.it/y9aw,4
2024-01-21,10 Things I Hate About You,1999,https://boxd.it/23AO,3.5
2024-01-27,Zindagi Na Milegi Dobara,2011,https://boxd.it/efo,3.5
2024-01-27,Bones and All,2022,https://boxd.it/tLd4,3.5
2024-01-27,Wake Up Sid,2009,https://boxd.it/1C8e,3
2024-01-28,Past Lives,2023,https://boxd.it/oNB8,4
2024-01-29,42,2013,https://boxd.it/3GBo,3.5
2024-02-06,Vadakkupatti Ramasamy,2024,https://boxd.it/GcW0,2.5
2024-02-10,Grave of the Fireflies,1988,https://boxd.it/1RUM,4
2024-02-13,Lover,2024,https://boxd.it/KhoK,3.5
2024-02-18,Sir,2018,https://boxd.it/iNpa,3.5
2024-02-18,Rushmore,1998,https://boxd.it/1TAO,4
2024-03-03,Dune,2021,https://boxd.it/fA7G,4
2024-03-03,Premalu,2024,https://boxd.it/HuK4,3
2024-03-06,Manjummel Boys,2024,https://boxd.it/EtUc,3.5
2024-03-17,Oppenheimer,2023,https://boxd.it/wUow,4
2024-03-17,Another Round,2020,https://boxd.it/lkba,4
2024-03-17,Rise of the Planet of the Apes,2011,https://boxd.it/cS4,3
2024-03-18,Mamma Mia!,2008,https://boxd.it/1Tnq,3
2024-03-18,Dune: Part Two,2024,https://boxd.it/pUfA,4
2024-04-02,"Like Father, Like Son",2013,https://boxd.it/5rQs,4
2024-04-06,Black Swan,2010,https://boxd.it/Sw0,4
2024-04-13,Shame,2011,https://boxd.it/2CxU,3.5
2024-04-13,Fight Club,1999,https://boxd.it/2a9q,4
2024-04-15,Pride & Prejudice,2005,https://boxd.it/24u8,3.5
2024-04-15,Imaikkaa Nodigal,2018,https://boxd.it/eEnw,3
2024-05-04,Lost Ladies,2023,https://boxd.it/I0mS,3.5
2024-05-05,Aattam,2023,https://boxd.it/Aaws,3.5
2024-05-05,Aamis,2019,https://boxd.it/kTVA,3.5
2024-05-05,A Scene at the Sea,1991,https://boxd.it/1z10,3.5
2024-05-06,Dawn of the Planet of the Apes,2014,https://boxd.it/3XyQ,3.5
2024-05-18,War for the Planet of the Apes,2017,https://boxd.it/8FE2,3
2024-05-19,The Fly,1986,https://boxd.it/1YIe,3.5
2024-05-19,Mad Max: Fury Road,2015,https://boxd.it/2DjO,4
2024-06-02,The Batman,2022,https://boxd.it/eDGs,4
2024-06-03,Heat,1995,https://boxd.it/2bg8,4
2024-07-06,Kalki 2898-AD,2024,https://boxd.it/uaUM,2.5
2024-07-08,Star,2024,https://boxd.it/MEYq,3
2024-07-21,October,2018,https://boxd.it/hUvi,3.5
2024-08-03,8 A.M. Metro,2023,https://boxd.it/GpSK,3.5
2024-08-03,Iratta,2023,https://boxd.it/zELA,3
2024-08-03,Ford v Ferrari,2019,https://boxd.it/ce74,4
2024-08-11,The Wolverine,2013,https://boxd.it/2CWU,3
2024-08-11,X-Men Origins: Wolverine,2009,https://boxd.it/27ug,2.5
2024-08-11,Unbelievable,2019,https://boxd.it/noio,4
2024-08-15,Gladiator,2000,https://boxd.it/2b9m,4
2024-08-22,Twisters,2024,https://boxd.it/qV7a,3
2024-08-31,Raayan,2024,https://boxd.it/GYru,3
2024-09-09,The Silence of the Lambs,1991,https://boxd.it/2aHW,4
2024-09-21,Longlegs,2024,https://boxd.it/KzLM,3.5
2024-09-21,Guruvayoor Ambalanadayil,2024,https://boxd.it/Eqle,3
2024-09-22,Civil War,2024,https://boxd.it/z1jW,3.5
2024-09-22,Sharp Objects,2018,https://boxd.it/j3NM,4
2024-10-05,Atonement,2007,https://boxd.it/24ui,4
2024-10-06,Aliens,1986,https://boxd.it/29PA,4
2024-10-07,Taste of Cherry,1997,https://boxd.it/1m8W,4
2024-10-13,Stree 2,2024,https://boxd.it/G5Cs,3
2024-10-20,The Circle,2000,https://boxd.it/1PbA,3.5
2024-10-21,Gargi,2022,https://boxd.it/ALXU,3.5
2024-10-21,Talvar,2015,https://boxd.it/bTxg,3.5
2024-10-21,Montage,2013,https://boxd.it/5SR8,3.5
2024-10-27,Meiyazhagan,2024,https://boxd.it/GYue,3.5
2024-11-01,Vettaiyan,2024,https://boxd.it/FnTu,3
2024-11-18,Ante... Sundaraniki!,2022,https://boxd.it/vu0w,3.5
2024-12-07,10 Cloverfield Lane,2016,https://boxd.it/aZiu,3.5
2024-12-15,Sookshmadarshini,2024,https://boxd.it/zRX0,3.5
2024-12-15,The Adamant Girl,2024,https://boxd.it/FwMs,3.5
2024-12-15,Viduthalai: Part I,2023,https://boxd.it/tzzM,4
2024-12-16,Kishkindha Kaandam,2024,https://boxd.it/CLOM,3.5
2024-12-28,Take Shelter,2011,https://boxd.it/DQ,4
2024-12-28,Anora,2024,https://boxd.it/Egcw,3.5
2024-12-28,Girls Will Be Girls,2024,https://boxd.it/FVUw,3.5
2024-12-28,Nayakan,1987,https://boxd.it/1meA,4
2024-12-28,The Last 10 Years,2022,https://boxd.it/x57m,3.5
2024-12-29,The Imitation Game,2014,https://boxd.it/6aig,3
2025-01-11,Nirangal Moondru,2024,https://boxd.it/yKnW,3.5
2025-01-11,How to Make Millions Before Grandma Dies,2024,https://boxd.it/FLa4,4
2025-01-12,Yuni,2021,https://boxd.it/tXkw,3.5
2025-01-13,Dahaad,2023,https://boxd.it/GyFA,3
2025-01-15,The Raid,2011,https://boxd.it/3hBy,4
2025-01-15,The Raid 2,2014,https://boxd.it/5uz0,3.5
2025-01-17,Asako I & II,2018,https://boxd.it/hyNk,4
2025-01-18,Beyond the Infinite Two Minutes,2020,https://boxd.it/ujVk,4
2025-02-01,A Real Pain,2024,https://boxd.it/CjNG,3.5
2025-02-09,Vidaamuyarchi,2025,https://boxd.it/zQjS,3
2025-03-08,Kai Po Che!,2013,https://boxd.it/5cWU,3.5
2025-03-24,Dragon,2025,https://boxd.it/Mxns,3
2025-03-24,Nilavuku En Mel Ennadi Kobam,2025,https://boxd.it/Ko9C,2
2025-03-24,Officer on Duty,2025,https://boxd.it/MSnS,3.5
2025-03-24,Adolescence,2025,https://boxd.it/TFGw,4
2025-03-29,The Wind Rises,2013,https://boxd.it/4JQS,4
2025-04-02,Mouna Raagam,1986,https://boxd.it/2SpW,3.5
2025-04-02,Santosh,2024,https://boxd.it/KRli,3.5
2025-04-02,Karwaan,2018,https://boxd.it/jp58,3.5
2025-04-26,Veera Dheera Sooran: Part 2,2025,https://boxd.it/JsRc,3.5
2025-04-26,Barfi!,2012,https://boxd.it/4aL4,4
2025-04-27,Life of Pi,2012,https://boxd.it/37pC,3.5
2025-05-01,The Revenant,2015,https://boxd.it/8H5e,4
2025-05-01,Court: State vs. A Nobody,2025,https://boxd.it/SHmm,3
2025-05-19,Irugapatru,2023,https://boxd.it/EEGA,3.5
2025-05-19,Tourist Family,2025,https://boxd.it/RNEO,3.5
2025-05-19,Superboys of Malegaon,2024,https://boxd.it/KyOU,3.5
2025-05-19,Good Bad Ugly,2025,https://boxd.it/M11k,2
2025-06-02,HIT: The First Case,2020,https://boxd.it/pifM,3.5
2025-06-02,HIT: The 2nd Case,2022,https://boxd.it/uzQq,2.5
2025-06-02,HIT: The Third Case,2025,https://boxd.it/E7vu,3
2025-06-02,Retro,2025,https://boxd.it/MfqS,3
2025-06-07,Thug Life,2025,https://boxd.it/DxWY,2.5
2025-07-21,Thupparivaalan,2017,https://boxd.it/esI8,3.5
2025-07-21,Kuberaa,2025,https://boxd.it/IpbA,3
2025-07-21,Dear Zindagi,2016,https://boxd.it/eAiM,3.5
2025-08-02,PK,2014,https://boxd.it/9q1G,3.5
2025-08-02,Casino Royale,2006,https://boxd.it/1alk,4
2025-08-02,Quantum of Solace,2008,https://boxd.it/1Vs8,3
2025-08-02,Skyfall,2012,https://boxd.it/17Fc,4
2025-08-11,3BHK,2025,https://boxd.it/Nn64,3
2025-08-18,Khauf,2025,https://boxd.it/Ux8o,3.5
2025-08-18,Mandala Murders,2025,https://boxd.it/WYwQ,2.5
2025-08-31,Superman,2025,https://boxd.it/E9IU,3.5
2025-08-31,F1,2025,https://boxd.it/yjVM,4
2025-09-05,Lokah Chapter 1: Chandra,2025,https://boxd.it/NelO,3.5
2025-09-12,Madharaasi,2025,https://boxd.it/Nu7S,3
2025-09-14,Saiyaara,2025,https://boxd.it/Lb84,3
2025-09-15,The Hunt,2012,https://boxd.it/3wEC,4
2025-09-15,Coolie,2025,https://boxd.it/HDVK,2.5
2025-10-02,A Touch of Sin,2013,https://boxd.it/5Fvo,3.5
2025-10-02,Still Life,2006,https://boxd.it/26Tk,4
2025-10-03,A Silent Voice: The Movie,2016,https://boxd.it/d99c,4
2025-10-03,I Want to Eat Your Pancreas,2018,https://boxd.it/ie6C,4
2025-10-12,Sinners,2025,https://boxd.it/KQMM,4
2025-10-12,Burning,2018,https://boxd.it/hHUa,3.5
2025-11-03,Task,2025,https://boxd.it/Xwl8,3.5
2025-11-09,Kiss,2025,https://boxd.it/Nysq,3
2025-11-10,Baramulla,2025,https://boxd.it/YdUU,3
2025-11-22,Saving Private Ryan,1998,https://boxd.it/29ro,4
2025-11-30,The Man Who Knew Infinity,2015,https://boxd.it/bTpm,3
2025-12-07,Sister Midnight,2024,https://boxd.it/MBDY,3.5
2025-12-07,The Girlfriend,2025,https://boxd.it/Jojq,2.5
2025-12-07,Left-Handed Girl,2025,https://boxd.it/BLDW,3.5
2025-12-13,We Live in Time,2024,https://boxd.it/FC5u,3.5
2025-12-13,Kaantha,2025,https://boxd.it/LChi,3.5
2025-12-13,Short Term 12,2013,https://boxd.it/5f6s,4
2025-12-13,Perfect Blue,1997,https://boxd.it/1W7A,4
2025-12-15,Aaromaley,2025,https://boxd.it/VkiM,3
2025-12-21,Silence,2016,https://boxd.it/2cAo,4
2025-12-21,Homebound,2025,https://boxd.it/KDDs,3.5
2026-01-03,Thevar Magan,1992,https://boxd.it/8pM,4
2026-01-04,Eko,2025,https://boxd.it/EuuY,3.5
2026-01-05,About Time,2013,https://boxd.it/43bI,4
2026-01-12,Sore: A Wife from the Future,2025,https://boxd.it/RjY0,4
2026-01-16,Parasakthi,2026,https://boxd.it/AsJk,3
2026-01-18,Mask,2025,https://boxd.it/Oa34,3
2026-01-19,The Substance,2024,https://boxd.it/zanS,4
2026-01-19,Gia,1998,https://boxd.it/1NUo,3.5
2026-01-19,It Was Just an Accident,2025,https://boxd.it/TX2k,4
2026-01-25,Angammal,2024,https://boxd.it/QJO4,3.5
2026-01-27,Thalaivar Thambi Thalaimaiyil,2026,https://boxd.it/wMLs,3.5
2026-02-01,Sarvam Maya,2025,https://boxd.it/UEUa,3.5
2026-02-14,Dhurandhar,2025,https://boxd.it/NhCI,3
2026-03-01,Hamnet,2025,https://boxd.it/woVy,3.5
2026-03-07,One Battle After Another,2025,https://boxd.it/DUHM,3.5
2026-03-08,With Love,2026,https://boxd.it/W6Rq,3
2026-03-08,Train Dreams,2025,https://boxd.it/LdDo,4
2026-03-09,"Sorry, Baby",2025,https://boxd.it/JKNi,4
2026-03-22,The Secret Agent,2025,https://boxd.it/KkUE,3.5
2026-03-22,Tremors,1990,https://boxd.it/1YSe,3.5
2026-04-06,Oru Jaathi Jaathakam,2025,https://boxd.it/HuJA,3
2026-04-25,Ohm Shanthi Oshaana,2014,https://boxd.it/7AF8,3.5
2026-04-27,Bangalore Days,2014,https://boxd.it/82ZA,3.5
2026-04-27,Mumbai Police,2013,https://boxd.it/5LJQ,3.5
2026-05-06,Kedi Billa Killadi Ranga,2013,https://boxd.it/5uHS,2.5
2026-05-06,Sunny,2011,https://boxd.it/2FoG,3.5
2026-05-06,Contact,1997,https://boxd.it/29OM,4
2026-05-17,Love Insurance Kompany,2026,https://boxd.it/JTYO,2
2026-05-17,The Matrix,1999,https://boxd.it/2a1m,4
2026-05-17,Karuppu,2026,https://boxd.it/QE3M,2.5
2026-05-24,Whisper of the Heart,1995,https://boxd.it/17uy,3.5
2026-05-24,Gifted,2017,https://boxd.it/e5dG,3
2026-05-24,I Saw the Devil,2010,https://boxd.it/FaK,3.5
2026-05-25,Aftersun,2022,https://boxd.it/Arw0,4
2026-06-01,Kara,2026,https://boxd.it/T1NW,3
2026-06-01,Blast,2026,https://boxd.it/WpcG,3.5
2026-06-08,The Motorcycle Diaries,2004,https://boxd.it/28nU,4
2026-06-08,Thattathin Marayathu,2012,https://boxd.it/3YPo,3.5
2026-06-29,29,2026,https://boxd.it/Wcjk,3
