Date,Name,Year,Letterboxd URI
2021-11-18,The Innocent,2021,https://boxd.it/v69a
2022-01-12,Mystic River,2003,https://boxd.it/2aAG
2022-01-15,No Country for Old Men,2007,https://boxd.it/21ew
2022-01-15,Maanaadu,2021,https://boxd.it/ju24
2022-01-15,The Invisible Guest,2016,https://boxd.it/euce
2022-01-18,Hey Ram,2000,https://boxd.it/fGg
2022-01-18,Vishwaroopam,2013,https://boxd.it/3U0c
2022-01-18,Ratsasan,2018,https://boxd.it/eyFu
2022-01-18,The Host,2006,https://boxd.it/28ZY
2022-01-18,Parasite,2019,https://boxd.it/hTha
2022-01-18,Se7en,1995,https://boxd.it/29zs
2022-01-18,The Departed,2006,https://boxd.it/28MA
2022-01-18,Vinnaithaandi Varuvaayaa,2010,https://boxd.it/1796
2022-01-18,Slumdog Millionaire,2008,https://boxd.it/1S3E
2022-01-18,Shutter Island,2010,https://boxd.it/1U82
2022-01-18,Newton,2017,https://boxd.it/fBbO
2022-01-18,Andhadhun,2018,https://boxd.it/jtfc
2022-01-18,Andhaghaaram,2020,https://boxd.it/swim
2022-01-18,Soorarai Pottru,2020,https://boxd.it/lWrq
2022-01-18,The Great Indian Kitchen,2021,https://boxd.it/tyqO
2022-01-18,Alaipayuthey,2000,https://boxd.it/H1U
2022-01-18,Thalapathi,1991,https://boxd.it/1mDg
2022-01-18,Kannathil Muthamittal,2002,https://boxd.it/10qu
2022-01-18,Jigarthanda,2014,https://boxd.it/88Je
2022-01-18,A Quiet Place,2018,https://boxd.it/fVJQ
2022-01-18,Vada Chennai,2018,https://boxd.it/esfK
2022-01-18,Asuran,2019,https://boxd.it/lbR2
2022-01-18,Kaithi,2019,https://boxd.it/lBLY
2022-01-18,Aaranya Kaandam,2011,https://boxd.it/3Xc6
2022-01-18,Super Deluxe,2019,https://boxd.it/fjRW
2022-01-18,Psycho,2020,https://boxd.it/nREe
2022-01-18,Vaazhl,2021,https://boxd.it/mNbq
2022-01-18,Aruvi,2016,https://boxd.it/eYdQ
2022-01-18,Sarpatta Parambarai,2021,https://boxd.it/tX36
2022-01-18,Madras,2014,https://boxd.it/8Eu6
2022-01-18,Kaala,2018,https://boxd.it/gp6O
2022-01-18,Mandela,2021,https://boxd.it/ulX8
2022-01-18,Aayirathil Oruvan,2010,https://boxd.it/2hP4
2022-01-18,Apoorva Sagodharargal,1989,https://boxd.it/8pi
2022-01-18,Michael Madana Kama Rajan,1990,https://boxd.it/1O5c
2022-01-18,Panchatanthiram,2002,https://boxd.it/H2e
2022-01-18,Anbe Sivam,2003,https://boxd.it/1sU8
2022-01-18,Game Over,2019,https://boxd.it/kevw
2022-01-18,Vaaranam Aayiram,2008,https://boxd.it/15yo
2022-01-18,Soodhu Kavvum,2013,https://boxd.it/5IRi
2022-01-18,Vikram Vedha,2017,https://boxd.it/fkaY
2022-01-18,Kaaka Muttai,2014,https://boxd.it/7Ryy
2022-01-18,Angamaly Diaries,2017,https://boxd.it/fIEe
2022-01-18,Jallikattu,2019,https://boxd.it/kHjO
2022-01-18,Papanasam,2015,https://boxd.it/aPrG
2022-01-18,Premam,2015,https://boxd.it/bod0
2022-01-18,Kumbalangi Nights,2019,https://boxd.it/l8wA
2022-01-18,Knives Out,2019,https://boxd.it/jWEA
2022-01-18,Bangalore Days,2014,https://boxd.it/82ZA
2022-01-18,The Shawshank Redemption,1994,https://boxd.it/2aHi
2022-01-18,Android Kunjappan Version 5.25,2019,https://boxd.it/o2mU
2022-01-18,The Raid,2011,https://boxd.it/3hBy
2022-01-18,PK,2014,https://boxd.it/9q1G
2022-01-18,Gangs of Wasseypur – Part 1,2012,https://boxd.it/3UHK
2022-01-18,3 Idiots,2009,https://boxd.it/1Dsa
2022-01-18,Trapped,2017,https://boxd.it/fj8i
2022-01-18,Kahaani,2012,https://boxd.it/2UfY
2022-01-18,Zodiac,2007,https://boxd.it/27MO
2022-01-18,The Social Network,2010,https://boxd.it/17ue
2022-01-18,Gone Girl,2014,https://boxd.it/6hQu
2022-01-18,Psycho,1960,https://boxd.it/2ab2
2022-01-18,96,2018,https://boxd.it/fHYM
2022-01-18,A Perfect Murder,1998,https://boxd.it/27Ke
2022-01-18,7th Day,2014,https://boxd.it/7SAq
2022-01-18,Agent Sai Srinivasa Athreya,2019,https://boxd.it/mygg
2022-01-18,Article 15,2019,https://boxd.it/m0mO
2022-01-18,Thani Oruvan,2015,https://boxd.it/8Bt0
2022-01-18,Stree,2018,https://boxd.it/jrdI
2022-01-18,A Quiet Place Part II,2020,https://boxd.it/iTx0
2022-01-18,Bird Box,2018,https://boxd.it/eh1i
2022-01-18,Avane Srimannarayana,2019,https://boxd.it/nv4y
2022-01-18,Forensic,2020,https://boxd.it/pe54
2022-01-18,Varathan,2018,https://boxd.it/jTP6
2022-01-18,C U Soon,2020,https://boxd.it/rA3S
2022-01-18,Ayyappanum Koshiyum,2020,https://boxd.it/otGi
2022-01-18,Sherlock Holmes,2009,https://boxd.it/1W2A
2022-01-18,Eye in the Sky,2015,https://boxd.it/aZg4
2022-01-18,Happy Death Day 2U,2019,https://boxd.it/ixt6
2022-01-18,Happy Death Day,2017,https://boxd.it/fDz4
2022-01-18,Escape from Mogadishu,2021,https://boxd.it/mrOq
2022-01-18,Sherlock Holmes: A Game of Shadows,2011,https://boxd.it/k3S
2022-01-18,Train to Busan,2016,https://boxd.it/dSQU
2022-01-18,Peninsula,2020,https://boxd.it/lnrU
2022-01-18,Maanagaram,2017,https://boxd.it/ewN2
2022-01-18,Jennifer's Body,2009,https://boxd.it/1Efw
2022-01-18,Bordertown: The Mural Murders,2021,https://boxd.it/qQWs
2022-02-05,#Alive,2020,https://boxd.it/mJl2
2022-02-07,Shame,2011,https://boxd.it/2CxU
2022-02-07,Extinction,2018,https://boxd.it/fdzM
2022-02-07,Masaan,2015,https://boxd.it/b6x2
2022-02-07,The Platform,2019,https://boxd.it/mUm6
2022-02-07,The Dark Knight,2008,https://boxd.it/2b0k
2022-02-08,Cast Away,2000,https://boxd.it/20i8
2022-02-11,Memories of Murder,2003,https://boxd.it/1TSo
2022-02-16,Into the Wild,2007,https://boxd.it/22m2
2022-02-16,Lost in Translation,2003,https://boxd.it/2b0E
2022-02-16,Swades,2004,https://boxd.it/1Ly6
2022-02-25,The Handmaiden,2016,https://boxd.it/948A
2022-02-25,Nightcrawler,2014,https://boxd.it/780m
2022-02-25,Mirage,2018,https://boxd.it/jeOm
2022-02-27,Her,2013,https://boxd.it/4O24
2022-02-27,The 5th Wave,2016,https://boxd.it/9wbi
2022-02-27,Spotlight,2015,https://boxd.it/a84k
2022-02-27,AK vs AK,2020,https://boxd.it/rBZ4
2022-03-06,Groundhog Day,1993,https://boxd.it/2b3e
2022-03-09,The Lost Daughter,2021,https://boxd.it/kgww
2022-03-13,FIR,2022,https://boxd.it/oQ3S
2022-03-15,Venom,2018,https://boxd.it/b8wA
2022-03-18,Titanic,1997,https://boxd.it/2a2k
2022-03-19,Cashback,2006,https://boxd.it/1Sf6
2022-03-20,Raat Akeli Hai,2020,https://boxd.it/lHSc
2022-03-22,The Dreamers,2003,https://boxd.it/28X4
2022-03-22,Basic Instinct,1992,https://boxd.it/2asM
2022-03-26,83,2021,https://boxd.it/mbBg
2022-03-29,Licorice Pizza,2021,https://boxd.it/qTKY
2022-04-02,Oldboy,2003,https://boxd.it/29R2
2022-04-03,Interstellar,2014,https://boxd.it/4VZ8
2022-04-03,A Beautiful Mind,2001,https://boxd.it/2amk
2022-04-07,Drive My Car,2021,https://boxd.it/sv94
2022-04-10,American Beauty,1999,https://boxd.it/71Y
2022-04-11,CODA,2021,https://boxd.it/tbf4
2022-04-11,Drive,2011,https://boxd.it/IG
2022-04-11,The Gift,2015,https://boxd.it/aJMy
2022-04-13,Source Code,2011,https://boxd.it/fdo
2022-04-15,Silenced,2011,https://boxd.it/2QGG
2022-04-16,Boyhood,2014,https://boxd.it/3178
2022-04-17,Whiplash,2014,https://boxd.it/7bQA
2022-05-08,Saving Private Ryan,1998,https://boxd.it/29ro
2022-05-16,K.G.F: Chapter 2,2022,https://boxd.it/lCgM
2022-05-16,Don,2022,https://boxd.it/xOoC
2022-06-17,The 40 Year Old Virgin,2005,https://boxd.it/21hK
2022-06-17,12 Years a Slave,2013,https://boxd.it/2D2e
2022-06-17,Forrest Gump,1994,https://boxd.it/728
2022-07-02,Titane,2021,https://boxd.it/nlQC
2022-07-03,The Killing of a Sacred Deer,2017,https://boxd.it/dZ5G
2022-07-04,Punch-Drunk Love,2002,https://boxd.it/20E4
2022-07-06,Enemy,2013,https://boxd.it/5xtO
2022-07-07,Mulholland Drive,2001,https://boxd.it/297o
2022-07-08,The Lobster,2015,https://boxd.it/7tnw
2022-07-08,The Mist,2007,https://boxd.it/22r2
2022-07-09,Kaathuvaakula Rendu Kaadhal,2022,https://boxd.it/sgG8
2022-07-15,Arrival,2016,https://boxd.it/aNGk
2022-07-15,The Darjeeling Limited,2007,https://boxd.it/24as
2022-07-17,Raw,2016,https://boxd.it/dLd2
2022-07-21,Unstoppable,2010,https://boxd.it/SVO
2022-07-27,Rocketry: The Nambi Effect,2022,https://boxd.it/mqrq
2022-07-30,Climax,2018,https://boxd.it/ikvo
2022-07-31,Election,1999,https://boxd.it/1YEc
2022-08-01,The Curious Case of Benjamin Button,2008,https://boxd.it/23Fk
2022-08-19,The Martian,2015,https://boxd.it/8SeG
2022-08-19,3-Iron,2004,https://boxd.it/28WK
2022-08-21,Pi,1998,https://boxd.it/2ajq
2022-09-01,American Psycho,2000,https://boxd.it/28Vs
2022-09-03,Thiruchitrambalam,2022,https://boxd.it/wptK
2022-09-04,Gulu Gulu,2022,https://boxd.it/AyUS
2022-09-18,D Block,2022,https://boxd.it/wGv4
2022-09-27,Bullet Train,2022,https://boxd.it/qW26
2022-09-28,Vendhu Thanindhathu Kaadu,2022,https://boxd.it/u8ki
2022-10-02,Cobra,2022,https://boxd.it/tPXq
2022-10-02,Malena,2000,https://boxd.it/1Vc0
2022-10-02,Naane Varuvean,2022,https://boxd.it/txW0
2022-10-03,The Worst Person in the World,2021,https://boxd.it/oyws
2022-10-04,X+Y,2014,https://boxd.it/8uC0
2022-10-05,Ponniyin Selvan: Part I,2022,https://boxd.it/oz24
2022-10-09,One Cut of the Dead,2017,https://boxd.it/iAFu
2022-10-09,Dogtooth,2009,https://boxd.it/158K
2022-10-14,The Bow,2005,https://boxd.it/27Ky
2022-10-14,Speak No Evil,2022,https://boxd.it/vqlg
2022-10-16,Sita Ramam,2022,https://boxd.it/xO2c
2022-10-19,[REC],2007,https://boxd.it/20ma
2022-10-30,Babel,2006,https://boxd.it/292o
2022-11-10,Collateral,2004,https://boxd.it/28F0
2022-11-13,Sardar,2022,https://boxd.it/wpuI
2022-11-18,Prey,2022,https://boxd.it/sNBU
2022-11-19,Love Today,2022,https://boxd.it/D3KI
2022-11-20,Good Will Hunting,1997,https://boxd.it/2ahY
2022-11-22,The Grand Budapest Hotel,2014,https://boxd.it/3ZqO
2022-11-23,Silver Linings Playbook,2012,https://boxd.it/2TTo
2022-11-29,Natchathiram Nagargiradhu,2022,https://boxd.it/wkx8
2022-11-30,Donnie Darko,2001,https://boxd.it/2b2A
2022-12-01,Nope,2022,https://boxd.it/sDCe
2022-12-01,127 Hours,2010,https://boxd.it/SLa
2022-12-09,The Autopsy of Jane Doe,2016,https://boxd.it/dUu2
2022-12-10,Castaway on the Moon,2009,https://boxd.it/1GXU
2022-12-12,The Secret Life of Walter Mitty,2013,https://boxd.it/3SWy
2022-12-13,Before Sunrise,1995,https://boxd.it/2bcU
2022-12-17,Parched,2015,https://boxd.it/bQii
2022-12-17,Avatar,2009,https://boxd.it/1Efm
2022-12-17,Avatar: The Way of Water,2022,https://boxd.it/2E2E
2022-12-18,The Florida Project,2017,https://boxd.it/dMG0
2022-12-21,11:14,2003,https://boxd.it/1Z4E
2022-12-23,Spider-Man: Into the Spider-Verse,2018,https://boxd.it/azpY
2022-12-25,Fresh,2022,https://boxd.it/tCNi
2022-12-26,La La Land,2016,https://boxd.it/a5fa
2022-12-26,In Bruges,2008,https://boxd.it/20n8
2022-12-26,"Three Billboards Outside Ebbing, Missouri",2017,https://boxd.it/ceBS
2022-12-27,The Boy in the Striped Pyjamas,2008,https://boxd.it/1NOK
2022-12-30,The Girl with a Bracelet,2019,https://boxd.it/lqS0
2022-12-30,Predator,1987,https://boxd.it/2b84
2022-12-31,The Royal Tenenbaums,2001,https://boxd.it/1YHU
2022-12-05,Scott Pilgrim vs. the World,2010,https://boxd.it/1Aq6
2023-01-01,Begin Again,2013,https://boxd.it/5Ybs
2023-01-02,A Hero,2021,https://boxd.it/p2zw
2023-01-02,(500) Days of Summer,2009,https://boxd.it/1EmM
2023-01-03,Friends with Benefits,2011,https://boxd.it/DoK
2023-01-04,The Menu,2022,https://boxd.it/lScm
2023-01-05,Miracle Mile,1988,https://boxd.it/1x68
2023-01-05,Chennai 600028,2007,https://boxd.it/2EDA
2023-01-08,Triangle of Sadness,2022,https://boxd.it/hXlq
2023-01-08,Lady Bird,2017,https://boxd.it/dGNE
2023-01-08,Me and Earl and the Dying Girl,2015,https://boxd.it/9SAE
2023-01-08,Sound of Metal,2019,https://boxd.it/i7Q4
2023-01-10,Four Lions,2010,https://boxd.it/18do
2023-01-10,Incendies,2010,https://boxd.it/Msm
2023-01-11,Sicario,2015,https://boxd.it/8i7u
2023-01-11,Phantom Thread,2017,https://boxd.it/e4uc
2023-01-11,Jaws,1975,https://boxd.it/2a5e
2023-01-12,Everything Everywhere All at Once,2022,https://boxd.it/jUk4
2023-01-13,Searching,2018,https://boxd.it/hDPg
2023-01-13,Kiss Kiss Bang Bang,2005,https://boxd.it/23c8
2023-01-13,Get Out,2017,https://boxd.it/eOCm
2023-01-13,Death at a Funeral,2007,https://boxd.it/27dO
2023-01-14,28 Days Later,2002,https://boxd.it/2aXU
2023-01-14,Nitham Oru Vaanam,2022,https://boxd.it/lchO
2023-01-15,Polytechnique,2009,https://boxd.it/1AMG
2023-01-15,Seven Psychopaths,2012,https://boxd.it/34PW
2023-01-16,RRR,2022,https://boxd.it/ljDs
2023-01-18,Vikram,2022,https://boxd.it/rUJa
2023-01-19,A Snake of June,2002,https://boxd.it/1fuQ
2023-01-20,After Hours,1985,https://boxd.it/1VfS
2023-01-21,The Big Lebowski,1998,https://boxd.it/2b6C
2023-01-21,Scarface,1983,https://boxd.it/2b7g
2023-01-22,Alien,1979,https://boxd.it/2awY
2023-01-22,Before Sunset,2004,https://boxd.it/2bcg
2023-01-23,Lucky Number Slevin,2006,https://boxd.it/2aVu
2023-01-24,Dead Poets Society,1989,https://boxd.it/2aSg
2023-01-26,Goodnight Mommy,2014,https://boxd.it/8Niy
2023-01-26,Lars and the Real Girl,2007,https://boxd.it/21tG
2023-01-26,Aftersun,2022,https://boxd.it/Arw0
2023-01-27,Blow Out,1981,https://boxd.it/1TlE
2023-01-28,Moon,2009,https://boxd.it/1IGQ
2023-01-28,The Tribe,2014,https://boxd.it/8aqe
2023-01-29,Jaya Jaya Jaya Jaya Hey,2022,https://boxd.it/z60K
2023-01-29,Ex Machina,2015,https://boxd.it/7T2k
2023-01-30,Spencer,2021,https://boxd.it/qPMG
2023-01-31,Contempt,1963,https://boxd.it/2aJe
2023-02-04,Thunivu,2023,https://boxd.it/y85g
2023-02-05,Palm Springs,2020,https://boxd.it/lCXQ
2023-02-06,Submarine,2010,https://boxd.it/H4a
2023-02-06,Your Name.,2016,https://boxd.it/cUqs
2023-02-11,Eraserhead,1977,https://boxd.it/299u
2023-02-12,The Virgin Suicides,1999,https://boxd.it/28JG
2023-02-13,The Hand of God,2021,https://boxd.it/r5uI
2023-02-19,Dada,2023,https://boxd.it/AtFy
2023-02-20,Dog Day Afternoon,1975,https://boxd.it/29bg
2023-02-25,Women Talking,2022,https://boxd.it/tdq4
2023-02-26,Notting Hill,1999,https://boxd.it/2aeK
2023-02-26,Shaun of the Dead,2004,https://boxd.it/29J8
2023-02-27,A History of Violence,2005,https://boxd.it/2bfa
2023-03-04,Cha Cha Real Smooth,2022,https://boxd.it/uF8E
2023-03-05,Hot Fuzz,2007,https://boxd.it/2416
2023-03-16,Five Feet Apart,2019,https://boxd.it/jaAK
2023-03-18,Signs,2002,https://boxd.it/26t2
2023-03-19,21 Grams,2003,https://boxd.it/2ajK
2023-03-19,Blue Jean,2022,https://boxd.it/AHhg
2023-03-20,Booksmart,2019,https://boxd.it/igNS
2023-03-27,John Wick,2014,https://boxd.it/7dEc
2023-03-27,Speak,2004,https://boxd.it/1MTO
2023-03-29,John Wick: Chapter 2,2017,https://boxd.it/ayGu
2023-03-30,John Wick: Chapter 3 – Parabellum,2019,https://boxd.it/gmFw
2023-03-31,Contagion,2011,https://boxd.it/13rq
2023-04-02,Pichaikkaran,2016,https://boxd.it/dkw2
2023-04-02,The Reader,2008,https://boxd.it/20Dq
2023-04-02,Once,2007,https://boxd.it/22GG
2023-04-02,Wild,2014,https://boxd.it/6KQo
2023-04-02,Shershaah,2021,https://boxd.it/m860
2023-04-02,When Harry Met Sally...,1989,https://boxd.it/29W2
2023-04-05,First Reformed,2017,https://boxd.it/go9C
2023-04-08,The Road,2009,https://boxd.it/1CWI
2023-04-08,"Love, Rosie",2014,https://boxd.it/62hE
2023-04-08,Tetris,2023,https://boxd.it/rePK
2023-04-08,Gangubai Kathiawadi,2022,https://boxd.it/oJek
2023-04-08,Y Tu Mamá También,2001,https://boxd.it/28QM
2023-04-09,Snowpiercer,2013,https://boxd.it/3Icg
2023-04-10,Rockstar,2011,https://boxd.it/2Lvo
2023-04-12,John Wick: Chapter 4,2023,https://boxd.it/mh48
2023-04-13,The Nice Guys,2016,https://boxd.it/94Hg
2023-04-16,Udaan,2010,https://boxd.it/PPe
2023-04-17,Delhi Belly,2011,https://boxd.it/2gEk
2023-04-19,Annihilation,2018,https://boxd.it/9yzm
2023-04-19,Princess Cyd,2017,https://boxd.it/gewQ
2023-04-22,Blue Valentine,2010,https://boxd.it/MxG
2023-04-22,Suzume,2022,https://boxd.it/yv7Y
2023-04-25,Badlands,1973,https://boxd.it/25Fm
2023-04-29,Ponniyin Selvan: Part II,2023,https://boxd.it/wpuS
2023-05-06,Wind River,2017,https://boxd.it/dR3i
2023-05-06,13 Going on 30,2004,https://boxd.it/1X6e
2023-05-13,But I'm a Cheerleader,1999,https://boxd.it/1CW4
2023-05-14,Charlie,2015,https://boxd.it/cV5q
2023-05-16,The Perks of Being a Wallflower,2012,https://boxd.it/2ZA8
2023-05-21,5 Centimeters per Second,2007,https://boxd.it/16G4
2023-05-23,Modern Love Chennai,2023,https://boxd.it/GJ2k
2023-05-25,Mean Girls,2004,https://boxd.it/1VNg
2023-05-26,Little Miss Sunshine,2006,https://boxd.it/29EW
2023-05-28,Melancholia,2011,https://boxd.it/bPI
2023-05-28,Irreversible,2002,https://boxd.it/29as
2023-06-04,Normal People,2020,https://boxd.it/q2VY
2023-06-05,The Body,2012,https://boxd.it/3Jsa
2023-06-06,Wild Tales,2014,https://boxd.it/7UmK
2023-06-07,Trainspotting,1996,https://boxd.it/29XY
2023-06-11,The Game,1997,https://boxd.it/26vC
2023-06-11,"The Gangster, the Cop, the Devil",2019,https://boxd.it/lnuk
2023-06-13,Predestination,2014,https://boxd.it/6bJM
2023-06-15,Frances Ha,2012,https://boxd.it/41Xg
2023-06-20,Manchester by the Sea,2016,https://boxd.it/b2L0
2023-06-21,Nebraska,2013,https://boxd.it/4exq
2023-06-22,After Yang,2021,https://boxd.it/lx5a
2023-06-24,Por Thozhil,2023,https://boxd.it/GbJE
2023-06-25,All Quiet on the Western Front,2022,https://boxd.it/H08
2023-06-26,The Thing,1982,https://boxd.it/294O
2023-06-28,Vettaiyaadu Vilaiyaadu,2006,https://boxd.it/6mw
2023-07-04,Requiem for a Dream,2000,https://boxd.it/29VI
2023-07-05,Coherence,2013,https://boxd.it/6xza
2023-07-06,Timecrimes,2007,https://boxd.it/1OGM
2023-07-08,Good Night,2023,https://boxd.it/FgZA
2023-07-09,The Theory of Everything,2014,https://boxd.it/7YtA
2023-07-09,Design for Living,1933,https://boxd.it/2FJE
2023-07-10,2018,2023,https://boxd.it/wKhA
2023-07-11,Battleship,2012,https://boxd.it/QZ0
2023-07-12,Naked,1993,https://boxd.it/1BT4
2023-07-13,Happening,2021,https://boxd.it/tRts
2023-07-14,Kadhalum Kadanthu Pogum,2016,https://boxd.it/dvpw
2023-07-15,Back to the Future,1985,https://boxd.it/2b8e
2023-07-16,The Edge of Seventeen,2016,https://boxd.it/d5nu
2023-07-16,One Fine Morning,2022,https://boxd.it/s4Ta
2023-07-20,Dunkirk,2017,https://boxd.it/d0Y6
2023-07-21,Inception,2010,https://boxd.it/1skk
2023-07-22,Yeh Jawaani Hai Deewani,2013,https://boxd.it/5Cmo
2023-07-23,About Elly,2009,https://boxd.it/18Ry
2023-07-24,Locke,2013,https://boxd.it/6hHC
2023-07-25,Holy Spider,2022,https://boxd.it/xBn2
2023-08-05,Witness,1985,https://boxd.it/1Z4O
2023-08-07,Never Let Me Go,2010,https://boxd.it/Xw0
2025-05-12,Maaveeran,2023,https://boxd.it/Bktq
2023-08-13,Spider-Man: Across the Spider-Verse,2023,https://boxd.it/kSz4
2023-08-13,Boiling Point,2021,https://boxd.it/uo2u
2023-08-14,Prisoners,2013,https://boxd.it/4E5i
2023-08-14,One Day,2011,https://boxd.it/Asu
2023-08-15,Children of Men,2006,https://boxd.it/1Y2i
2023-08-15,Little Women,2019,https://boxd.it/aSVk
2023-08-16,Batman Begins,2005,https://boxd.it/2aIg
2023-08-26,Kaakha Kaakha,2003,https://boxd.it/aQvk
2023-08-26,Jailer,2023,https://boxd.it/zkA8
2023-08-29,Rush,2013,https://boxd.it/3lyS
2023-09-14,Barbie,2023,https://boxd.it/bCLK
2023-10-02,Cure,1997,https://boxd.it/1blA
2023-10-02,Sapta Sagaradaache Ello – Side A,2023,https://boxd.it/IhOY
2023-10-02,RDX: Robert Dony Xavier,2023,https://boxd.it/BHtS
2023-10-06,Hacksaw Ridge,2016,https://boxd.it/azew
2023-10-07,Demolition,2015,https://boxd.it/9GuY
2023-10-08,OMG 2,2023,https://boxd.it/xz6S
2023-10-08,Reservoir Dogs,1992,https://boxd.it/2agc
2023-10-10,"Oslo, August 31st",2011,https://boxd.it/2xQC
2023-10-11,The Prestige,2006,https://boxd.it/293w
2023-10-14,Mark Antony,2023,https://boxd.it/yJKA
2023-10-14,First Man,2018,https://boxd.it/cPym
2023-10-15,Apocalypse Now,1979,https://boxd.it/6ZS
2023-10-21,Leo,2023,https://boxd.it/zOWS
2023-10-28,Pebbles,2021,https://boxd.it/tgko
2023-10-29,Killers of the Flower Moon,2023,https://boxd.it/gHp0
2023-11-18,Jigarthanda DoubleX,2023,https://boxd.it/C4xI
2023-12-25,Maattrraan,2012,https://boxd.it/4tIe
2023-12-25,Ko,2011,https://boxd.it/6p6
2023-12-25,Ghilli,2004,https://boxd.it/6qe
2023-12-28,Strange Days,1995,https://boxd.it/2aGO
2023-12-28,Chithha,2023,https://boxd.it/GbIc
2023-12-29,12th Fail,2023,https://boxd.it/I1sM
2024-01-02,Martha Marcy May Marlene,2011,https://boxd.it/CJs
2024-01-06,Harry Potter and the Philosopher's Stone,2001,https://boxd.it/29QS
2024-01-06,Three of Us,2022,https://boxd.it/DQmq
2024-01-07,Animal,2023,https://boxd.it/toAu
2024-01-08,Hi Nanna,2023,https://boxd.it/Eqsa
2024-01-11,Harry Potter and the Chamber of Secrets,2002,https://boxd.it/29QI
2024-01-13,Merry Christmas,2024,https://boxd.it/xCn8
2024-01-14,Harry Potter and the Prisoner of Azkaban,2004,https://boxd.it/29Qy
2024-01-15,Harry Potter and the Goblet of Fire,2005,https://boxd.it/29Qo
2024-01-15,Harry Potter and the Order of the Phoenix,2007,https://boxd.it/29Qe
2024-01-15,Harry Potter and the Half-Blood Prince,2009,https://boxd.it/29FU
2024-01-15,Harry Potter and the Deathly Hallows: Part 1,2010,https://boxd.it/1RYu
2024-01-15,Harry Potter and the Deathly Hallows: Part 2,2011,https://boxd.it/1RYk
2024-01-16,Bandit Queen,1994,https://boxd.it/1NoC
2024-01-20,Joe,2023,https://boxd.it/JQDe
2024-01-20,May December,2023,https://boxd.it/vEE2
2024-01-20,The Machinist,2004,https://boxd.it/248c
2024-01-20,Kho Gaye Hum Kahan,2023,https://boxd.it/x1qa
2024-01-21,Monster,2023,https://boxd.it/DJEM
2024-01-21,Joyland,2022,https://boxd.it/AlzM
2024-01-21,Society of the Snow,2023,https://boxd.it/y9aw
2024-01-21,10 Things I Hate About You,1999,https://boxd.it/23AO
2024-01-27,Zindagi Na Milegi Dobara,2011,https://boxd.it/efo
2024-01-27,Bones and All,2022,https://boxd.it/tLd4
2024-01-27,Wake Up Sid,2009,https://boxd.it/1C8e
2024-01-28,Past Lives,2023,https://boxd.it/oNB8
2024-01-29,42,2013,https://boxd.it/3GBo
2024-02-06,Vadakkupatti Ramasamy,2024,https://boxd.it/GcW0
2024-02-10,Grave of the Fireflies,1988,https://boxd.it/1RUM
2024-02-13,Lover,2024,https://boxd.it/KhoK
2024-02-18,Sir,2018,https://boxd.it/iNpa
2024-02-18,Rushmore,1998,https://boxd.it/1TAO
2024-03-03,Dune,2021,https://boxd.it/fA7G
2024-03-03,Premalu,2024,https://boxd.it/HuK4
2024-03-06,Manjummel Boys,2024,https://boxd.it/EtUc
2024-03-17,Oppenheimer,2023,https://boxd.it/wUow
2024-03-17,Another Round,2020,https://boxd.it/lkba
2024-03-17,Rise of the Planet of the Apes,2011,https://boxd.it/cS4
2024-03-18,Mamma Mia!,2008,https://boxd.it/1Tnq
2024-03-18,Dune: Part Two,2024,https://boxd.it/pUfA
2024-04-02,"Like Father, Like Son",2013,https://boxd.it/5rQs
2024-04-06,Black Swan,2010,https://boxd.it/Sw0
2024-04-13,Fight Club,1999,https://boxd.it/2a9q
2024-04-15,Pride & Prejudice,2005,https://boxd.it/24u8
2024-04-15,Imaikkaa Nodigal,2018,https://boxd.it/eEnw
2024-05-04,Lost Ladies,2023,https://boxd.it/I0mS
2024-05-05,Aattam,2023,https://boxd.it/Aaws
2024-05-05,Aamis,2019,https://boxd.it/kTVA
2024-05-05,A Scene at the Sea,1991,https://boxd.it/1z10
2024-05-06,Dawn of the Planet of the Apes,2014,https://boxd.it/3XyQ
2024-05-18,War for the Planet of the Apes,2017,https://boxd.it/8FE2
2024-05-19,The Fly,1986,https://boxd.it/1YIe
2024-05-19,Mad Max: Fury Road,2015,https://boxd.it/2DjO
2024-06-02,The Batman,2022,https://boxd.it/eDGs
2024-06-03,Heat,1995,https://boxd.it/2bg8
2024-07-06,Kalki 2898-AD,2024,https://boxd.it/uaUM
2024-07-08,Star,2024,https://boxd.it/MEYq
2024-07-21,October,2018,https://boxd.it/hUvi
2024-08-03,8 A.M. Metro,2023,https://boxd.it/GpSK
2024-08-03,Iratta,2023,https://boxd.it/zELA
2024-08-03,Ford v Ferrari,2019,https://boxd.it/ce74
2024-08-11,The Wolverine,2013,https://boxd.it/2CWU
2024-08-11,X-Men Origins: Wolverine,2009,https://boxd.it/27ug
2024-08-11,Unbelievable,2019,https://boxd.it/noio
2024-08-15,Gladiator,2000,https://boxd.it/2b9m
2024-08-22,Twisters,2024,https://boxd.it/qV7a
2024-08-31,Raayan,2024,https://boxd.it/GYru
2024-09-09,The Silence of the Lambs,1991,https://boxd.it/2aHW
2024-09-21,Longlegs,2024,https://boxd.it/KzLM
2024-09-21,Guruvayoor Ambalanadayil,2024,https://boxd.it/Eqle
2024-09-22,Civil War,2024,https://boxd.it/z1jW
2024-09-22,Sharp Objects,2018,https://boxd.it/j3NM
2024-10-05,Atonement,2007,https://boxd.it/24ui
2024-10-06,Aliens,1986,https://boxd.it/29PA
2024-10-07,Taste of Cherry,1997,https://boxd.it/1m8W
2024-10-13,Stree 2,2024,https://boxd.it/G5Cs
2024-10-20,The Circle,2000,https://boxd.it/1PbA
2024-10-21,Gargi,2022,https://boxd.it/ALXU
2024-10-21,Talvar,2015,https://boxd.it/bTxg
2024-10-21,Montage,2013,https://boxd.it/5SR8
2024-10-27,Meiyazhagan,2024,https://boxd.it/GYue
2024-11-01,Vettaiyan,2024,https://boxd.it/FnTu
2024-11-18,Ante... Sundaraniki!,2022,https://boxd.it/vu0w
2024-12-07,10 Cloverfield Lane,2016,https://boxd.it/aZiu
2024-12-15,Sookshmadarshini,2024,https://boxd.it/zRX0
2024-12-15,The Adamant Girl,2024,https://boxd.it/FwMs
2024-12-15,Viduthalai: Part I,2023,https://boxd.it/tzzM
2024-12-16,Kishkindha Kaandam,2024,https://boxd.it/CLOM
2024-12-28,Take Shelter,2011,https://boxd.it/DQ
2024-12-28,Anora,2024,https://boxd.it/Egcw
2024-12-28,Girls Will Be Girls,2024,https://boxd.it/FVUw
2024-12-28,Nayakan,1987,https://boxd.it/1meA
2024-12-28,The Last 10 Years,2022,https://boxd.it/x57m
2024-12-29,Asako I & II,2018,https://boxd.it/hyNk
2024-12-29,The Imitation Game,2014,https://boxd.it/6aig
2025-01-11,Nirangal Moondru,2024,https://boxd.it/yKnW
2025-01-11,How to Make Millions Before Grandma Dies,2024,https://boxd.it/FLa4
2025-01-12,Yuni,2021,https://boxd.it/tXkw
2025-01-13,Dahaad,2023,https://boxd.it/GyFA
2025-01-15,The Raid 2,2014,https://boxd.it/5uz0
2025-01-18,Beyond the Infinite Two Minutes,2020,https://boxd.it/ujVk
2025-02-01,A Real Pain,2024,https://boxd.it/CjNG
2025-02-09,Vidaamuyarchi,2025,https://boxd.it/zQjS
2025-03-08,Kai Po Che!,2013,https://boxd.it/5cWU
2025-03-24,Dragon,2025,https://boxd.it/Mxns
2025-03-24,Nilavuku En Mel Ennadi Kobam,2025,https://boxd.it/Ko9C
2025-03-24,Officer on Duty,2025,https://boxd.it/MSnS
2025-03-24,Adolescence,2025,https://boxd.it/TFGw
2025-03-29,The Wind Rises,2013,https://boxd.it/4JQS
2025-04-02,Mouna Raagam,1986,https://boxd.it/2SpW
2025-04-02,Santosh,2024,https://boxd.it/KRli
2025-04-02,Karwaan,2018,https://boxd.it/jp58
2025-04-26,Veera Dheera Sooran: Part 2,2025,https://boxd.it/JsRc
2025-04-26,Barfi!,2012,https://boxd.it/4aL4
2025-04-27,Life of Pi,2012,https://boxd.it/37pC
2025-05-01,The Revenant,2015,https://boxd.it/8H5e
2025-05-01,Court: State vs. A Nobody,2025,https://boxd.it/SHmm
2025-05-19,Irugapatru,2023,https://boxd.it/EEGA
2025-05-19,Tourist Family,2025,https://boxd.it/RNEO
2025-05-19,Superboys of Malegaon,2024,https://boxd.it/KyOU
2025-05-19,Good Bad Ugly,2025,https://boxd.it/M11k
2025-06-02,HIT: The First Case,2020,https://boxd.it/pifM
2025-06-02,HIT: The 2nd Case,2022,https://boxd.it/uzQq
2025-06-02,HIT: The Third Case,2025,https://boxd.it/E7vu
2025-06-02,Retro,2025,https://boxd.it/MfqS
2025-06-07,Thug Life,2025,https://boxd.it/DxWY
2025-07-21,Thupparivaalan,2017,https://boxd.it/esI8
2025-07-21,Kuberaa,2025,https://boxd.it/IpbA
2025-07-21,Dear Zindagi,2016,https://boxd.it/eAiM
2025-08-02,Casino Royale,2006,https://boxd.it/1alk
2025-08-02,Quantum of Solace,2008,https://boxd.it/1Vs8
2025-08-02,Skyfall,2012,https://boxd.it/17Fc
2025-08-11,3BHK,2025,https://boxd.it/Nn64
2025-08-18,Khauf,2025,https://boxd.it/Ux8o
2025-08-18,Mandala Murders,2025,https://boxd.it/WYwQ
2025-08-31,Superman,2025,https://boxd.it/E9IU
2025-08-31,F1,2025,https://boxd.it/yjVM
2025-09-05,Lokah Chapter 1: Chandra,2025,https://boxd.it/NelO
2025-09-12,Madharaasi,2025,https://boxd.it/Nu7S
2025-09-14,Coolie,2025,https://boxd.it/HDVK
2025-09-14,Saiyaara,2025,https://boxd.it/Lb84
2025-09-15,The Hunt,2012,https://boxd.it/3wEC
2025-10-02,A Touch of Sin,2013,https://boxd.it/5Fvo
2025-10-02,Still Life,2006,https://boxd.it/26Tk
2025-10-03,A Silent Voice: The Movie,2016,https://boxd.it/d99c
2025-10-03,I Want to Eat Your Pancreas,2018,https://boxd.it/ie6C
2025-10-12,Sinners,2025,https://boxd.it/KQMM
2025-10-12,Burning,2018,https://boxd.it/hHUa
2025-11-03,Task,2025,https://boxd.it/Xwl8
2025-11-09,Kiss,2025,https://boxd.it/Nysq
2025-11-10,Baramulla,2025,https://boxd.it/YdUU
2025-11-30,The Man Who Knew Infinity,2015,https://boxd.it/bTpm
2025-12-07,Sister Midnight,2024,https://boxd.it/MBDY
2025-12-07,The Girlfriend,2025,https://boxd.it/Jojq
2025-12-07,Left-Handed Girl,2025,https://boxd.it/BLDW
2025-12-13,We Live in Time,2024,https://boxd.it/FC5u
2025-12-13,Kaantha,2025,https://boxd.it/LChi
2025-12-13,Short Term 12,2013,https://boxd.it/5f6s
2025-12-13,Perfect Blue,1997,https://boxd.it/1W7A
2025-12-15,Aaromaley,2025,https://boxd.it/VkiM
2025-12-21,Silence,2016,https://boxd.it/2cAo
2025-12-21,Homebound,2025,https://boxd.it/KDDs
2026-01-03,Thevar Magan,1992,https://boxd.it/8pM
2026-01-03,"Sorry, Baby",2025,https://boxd.it/JKNi
2026-01-04,Eko,2025,https://boxd.it/EuuY
2026-01-05,About Time,2013,https://boxd.it/43bI
2026-01-12,Sore: A Wife from the Future,2025,https://boxd.it/RjY0
2026-01-16,Parasakthi,2026,https://boxd.it/AsJk
2026-01-18,Mask,2025,https://boxd.it/Oa34
2026-01-19,The Substance,2024,https://boxd.it/zanS
2026-01-19,Gia,1998,https://boxd.it/1NUo
2026-01-19,It Was Just an Accident,2025,https://boxd.it/TX2k
2026-01-25,Angammal,2024,https://boxd.it/QJO4
2026-01-27,Thalaivar Thambi Thalaimaiyil,2026,https://boxd.it/wMLs
2026-02-01,Sarvam Maya,2025,https://boxd.it/UEUa
2026-02-14,Dhurandhar,2025,https://boxd.it/NhCI
2026-03-01,Hamnet,2025,https://boxd.it/woVy
2026-03-07,One Battle After Another,2025,https://boxd.it/DUHM
2026-03-08,With Love,2026,https://boxd.it/W6Rq
2026-03-08,Train Dreams,2025,https://boxd.it/LdDo
2026-03-22,The Secret Agent,2025,https://boxd.it/KkUE
2026-03-22,Tremors,1990,https://boxd.it/1YSe
2026-04-06,Oru Jaathi Jaathakam,2025,https://boxd.it/HuJA
2026-04-25,Ohm Shanthi Oshaana,2014,https://boxd.it/7AF8
2026-04-27,Mumbai Police,2013,https://boxd.it/5LJQ
2026-05-06,Kedi Billa Killadi Ranga,2013,https://boxd.it/5uHS
2026-05-06,Sunny,2011,https://boxd.it/2FoG
2026-05-06,Contact,1997,https://boxd.it/29OM
2026-05-17,Karuppu,2026,https://boxd.it/QE3M
2026-05-17,Love Insurance Kompany,2026,https://boxd.it/JTYO
2026-05-17,The Matrix,1999,https://boxd.it/2a1m
2026-05-24,Whisper of the Heart,1995,https://boxd.it/17uy
2026-05-24,Gifted,2017,https://boxd.it/e5dG
2026-05-24,I Saw the Devil,2010,https://boxd.it/FaK
2026-06-01,Kara,2026,https://boxd.it/T1NW
2026-06-01,Blast,2026,https://boxd.it/WpcG
2026-06-08,The Motorcycle Diaries,2004,https://boxd.it/28nU
2026-06-08,Thattathin Marayathu,2012,https://boxd.it/3YPo
2026-06-29,29,2026,https://boxd.it/Wcjk
