Date,Content
2021-11-15,https://boxd.it/2Dzwo
2021-11-15,https://boxd.it/1sWsS
2022-03-02,https://boxd.it/48tSk
2022-03-02,https://boxd.it/1XVG2
2022-03-02,https://boxd.it/7Cvum
2022-03-03,https://boxd.it/APaE
2022-03-09,https://boxd.it/2PwOe
2022-03-11,https://boxd.it/2cApa
2022-03-11,https://boxd.it/fHkA6
2022-03-18,https://boxd.it/ft5rK
2022-03-18,https://boxd.it/fuAXY
2022-03-25,https://boxd.it/fTSfq
2022-03-25,https://boxd.it/1Rhi
2022-04-24,https://boxd.it/ghMI0
2022-05-11,https://boxd.it/ghV6u
2022-05-16,https://boxd.it/gcXVk
2022-05-16,https://boxd.it/1qX2M
2022-06-26,https://boxd.it/fwIuE
2022-06-26,https://boxd.it/gIa38
2022-06-26,https://boxd.it/gPk2S
2022-06-26,https://boxd.it/h3RM8
2022-06-26,https://boxd.it/GRJ4
2022-07-16,https://boxd.it/4XYnu
2022-07-24,https://boxd.it/hnVW2
2022-07-29,https://boxd.it/hrjbU
2022-09-28,https://boxd.it/4v5Ui
2022-09-28,https://boxd.it/i24l0
2022-09-29,https://boxd.it/hXnO6
2022-10-07,https://boxd.it/1XWTG
2022-11-09,https://boxd.it/iS1ks
2022-11-10,https://boxd.it/gWac
2022-11-10,https://boxd.it/mqKk
2022-11-10,https://boxd.it/bWNdE
2022-12-03,https://boxd.it/jlyNq
2022-12-03,https://boxd.it/j5LHe
2022-12-04,https://boxd.it/hwyvA
2022-12-04,https://boxd.it/jmErs
2022-12-04,https://boxd.it/8HjM
2022-12-04,https://boxd.it/jmIkU
2022-12-15,https://boxd.it/iYw7m
2022-12-15,https://boxd.it/jsmPS
2023-01-18,https://boxd.it/krCdi
2023-02-09,https://boxd.it/l8rqc
2023-02-22,https://boxd.it/2Qq4Q
2023-03-13,https://boxd.it/lnZ7y
2023-04-13,https://boxd.it/eyG0
2023-04-13,https://boxd.it/lSV5q
2023-04-13,https://boxd.it/m2Q9W
2023-05-22,https://boxd.it/1clAS
2023-05-25,https://boxd.it/mfEQU
2023-06-04,https://boxd.it/2iaWk
2023-06-04,https://boxd.it/mWPVW
2023-06-19,https://boxd.it/nklkk
2023-06-25,https://boxd.it/nr74m
2023-06-29,https://boxd.it/ntpCK
2023-06-29,https://boxd.it/nutNk
2023-06-29,https://boxd.it/m7k7k
2023-07-02,https://boxd.it/nlO9M
2023-07-27,https://boxd.it/nS43E
2023-07-29,https://boxd.it/o0INS
2023-07-31,https://boxd.it/o3xkw
2023-09-05,https://boxd.it/f8EAq
2023-11-14,https://boxd.it/nZrSk
2023-11-14,https://boxd.it/1R3EO
2023-11-18,https://boxd.it/q7EKs
2024-01-02,https://boxd.it/5afh8
2024-01-02,https://boxd.it/qKna6
2024-01-07,https://boxd.it/rscTi
2024-02-10,https://boxd.it/nvUdK
2024-02-19,https://boxd.it/pmFgk
2024-02-22,https://boxd.it/t6fTu
2024-03-03,https://boxd.it/ttG7y
2024-04-06,https://boxd.it/u8s4C
2024-08-11,https://boxd.it/coMSs
2024-10-17,https://boxd.it/zroBg
2024-10-26,https://boxd.it/vnR5k
2024-12-07,https://boxd.it/AMIQG
2025-01-13,https://boxd.it/CPJ4i
2025-01-22,https://boxd.it/tqG4o
2025-02-06,https://boxd.it/DNIoG
2025-02-09,https://boxd.it/DX9Q6
2025-06-17,https://boxd.it/HOgJ0
2025-11-25,https://boxd.it/QdRWs
2026-01-15,https://boxd.it/QgZXu
2026-01-15,https://boxd.it/F0TIi
2026-01-29,https://boxd.it/OWfzC
2026-04-06,https://boxd.it/TyGEG
